<?xml version="1.0"?>
<COLLADA xmlns="http://www.collada.org/2005/11/COLLADASchema" version="1.4.1">
	<asset>
		<contributor>
			<author>Assimp</author>
			<authoring_tool>Assimp Exporter</authoring_tool>
		</contributor>
		<created>2021-12-05T16:05:15</created>
		<modified>2021-12-05T16:05:15</modified>
		<unit name="meter" meter="1.000000" />
		<up_axis>Y_UP</up_axis>
	</asset>
	<library_effects>
		<effect id="lid-fx" name="lid">
			<profile_COMMON>
				<technique sid="standard">
					<phong>
					</phong>
				</technique>
			</profile_COMMON>
		</effect>
		<effect id="body-fx" name="body">
			<profile_COMMON>
				<technique sid="standard">
					<phong>
					</phong>
				</technique>
			</profile_COMMON>
		</effect>
		<effect id="07___Default-fx" name="07___Default">
			<profile_COMMON>
				<technique sid="standard">
					<phong>
					</phong>
				</technique>
			</profile_COMMON>
		</effect>
		<effect id="08___Default-fx" name="08___Default">
			<profile_COMMON>
				<technique sid="standard">
					<phong>
					</phong>
				</technique>
			</profile_COMMON>
		</effect>
		<effect id="key-fx" name="key">
			<profile_COMMON>
				<technique sid="standard">
					<phong>
					</phong>
				</technique>
			</profile_COMMON>
		</effect>
	</library_effects>
	<library_materials>
		<material id="lid" name="lid">
			<instance_effect url="#lid-fx"/>
		</material>
		<material id="body" name="body">
			<instance_effect url="#body-fx"/>
		</material>
		<material id="07___Default" name="07 - Default">
			<instance_effect url="#07___Default-fx"/>
		</material>
		<material id="08___Default" name="08 - Default">
			<instance_effect url="#08___Default-fx"/>
		</material>
		<material id="key" name="key">
			<instance_effect url="#key-fx"/>
		</material>
	</library_materials>
	<library_geometries>
		<geometry id="meshId0" name="meshId0_name" >
			<mesh>
				<source id="meshId0-positions" name="meshId0-positions">
					<float_array id="meshId0-positions-array" count="1188"> 
						-56.254021 2.894783 68.772163 -56.254021 -9.746696 68.772163 64.817574 -9.746693 68.772148 64.817574 2.894783 68.772148 69.728592 -10.002211 21.390545 69.728592 2.639263 21.390545 69.729691 2.637524 46.629101 69.729691 -10.003954 46.629105 -61.251381 2.639256 21.390560 -61.251381 -10.002218 21.390558 -61.252556 -10.004086 46.629128 -61.252556 2.637386 46.629128 -56.249931 -3.425726 -1.250000 -56.249931 -9.746468 -1.250000 -58.437450 -9.746490 -0.937504 -58.437450 2.894985 -0.937500 -56.249931 2.895012 -1.249996 -60.000000 -9.746574 0.000000 -60.000000 2.894901 0.000000 64.813751 -3.425718 -1.250008 64.813751 2.895020 -1.250004 67.001274 2.894985 -0.937508 67.001274 -9.746487 -0.937511 64.813751 -9.746458 -1.250008 68.563820 2.894909 -0.000010 68.563820 -9.746571 -0.000010 67.005058 -9.746658 68.459656 67.005058 2.894821 68.459656 68.567505 -9.746576 67.522156 68.567505 2.894905 67.522156 -58.441502 2.894814 68.459663 -58.441502 -9.746670 68.459663 -60.003944 2.894894 67.522163 -60.003944 -9.746584 67.522163 69.501396 -9.746708 1.562490 69.501396 2.894764 1.562490 69.814011 2.894577 3.749990 69.814011 -9.746902 3.749990 68.563820 -9.746571 -0.000010 68.563820 2.894909 -0.000010 69.504921 2.895042 65.959648 69.504921 -9.746439 65.959648 69.817299 -9.746243 63.772148 69.817299 2.895233 63.772148 68.567505 2.894905 67.522156 68.567505 -9.746576 67.522156 -60.937592 2.894756 1.562500 -60.937592 -9.746721 1.562500 -61.250221 -9.746927 3.750000 -61.250221 2.894550 3.750000 -60.000000 2.894901 0.000000 -60.000000 -9.746574 0.000000 -60.941360 -9.746443 65.959663 -60.941360 2.895035 65.959663 -61.253723 2.895245 63.772163 -61.253723 -9.746239 63.772163 -60.003944 -9.746584 67.522163 -60.003944 2.894894 67.522163 58.692116 -10.003870 58.496880 58.687767 -9.781666 65.772354 -49.988270 -9.781666 65.772362 -49.993649 -10.004070 58.489967 -49.993641 -10.002220 8.871716 -49.988258 -9.780453 1.749805 
						58.687756 -9.780449 1.749798 58.692108 -10.002132 8.864939 69.504921 2.895042 65.959648 69.817299 2.895233 63.772148 69.729691 2.637524 46.629101 -61.252556 2.637386 46.629128 -61.253723 2.895245 63.772163 -60.941360 2.895035 65.959663 -60.003944 2.894894 67.522163 -58.441502 2.894814 68.459663 -56.254021 2.894783 68.772163 64.817574 2.894783 68.772148 67.005058 2.894821 68.459656 68.567505 2.894905 67.522156 -60.937592 2.894756 1.562500 -61.250221 2.894550 3.750000 -61.251381 2.639256 21.390560 69.728592 2.639263 21.390545 69.814011 2.894577 3.749990 69.501396 2.894764 1.562490 68.563820 2.894909 -0.000010 67.001274 2.894985 -0.937508 64.813751 2.895020 -1.250004 -56.249931 2.895012 -1.249996 -58.437450 2.894985 -0.937500 -60.000000 2.894901 0.000000 68.728638 2.639198 22.390545 68.729645 2.637596 45.629101 -60.251419 2.639187 22.390560 -60.252510 2.637459 45.629128 68.728622 -0.554543 22.390545 68.729637 -0.556149 45.629105 68.729645 2.637596 45.629101 68.728638 2.639198 22.390545 68.728638 2.639198 22.390545 -60.251419 2.639187 22.390560 -60.251419 -0.554554 22.390562 -17.258064 -0.554550 22.390556 25.735281 -0.554546 22.390553 68.728622 -0.554543 22.390545 -60.252510 -0.556278 45.629128 -60.251419 -0.554554 22.390562 -60.251419 2.639187 22.390560 -60.252510 2.637459 45.629128 -60.252510 2.637459 45.629128 68.729645 2.637596 45.629101 68.729637 -0.556149 45.629105 25.735582 -0.556190 45.629112 -17.258465 -0.556236 45.629120 -60.252510 -0.556278 45.629128 65.977348 -9.779167 1.946495 64.600563 -9.780449 1.749798 64.813751 -9.746458 -1.250008 67.001274 -9.746487 -0.937511 66.377335 -9.771349 2.186567 68.563820 -9.746571 -0.000010 66.617287 -9.758312 2.586607 69.501396 -9.746708 1.562490 66.812988 -9.749237 3.956049 69.814011 -9.746902 3.749990 66.728592 -10.002127 21.383347 69.728592 -10.002211 21.390545 66.729691 -10.003866 46.636833 69.729691 -10.003954 46.629105 
						66.816208 -9.748638 63.566654 69.817299 -9.746243 63.772148 66.620712 -9.758377 64.935791 69.504921 -9.746439 65.959648 66.380898 -9.772064 65.335678 68.567505 -9.746576 67.522156 65.981094 -9.780279 65.575661 67.005058 -9.746658 68.459656 64.604385 -9.781666 65.772354 64.817574 -9.746693 68.772148 -56.254021 -9.746696 68.772163 -56.040829 -9.781670 65.772362 -57.417538 -9.780289 65.575684 -58.441502 -9.746670 68.459663 -57.817341 -9.772072 65.335686 -60.003944 -9.746584 67.522163 -58.057144 -9.758377 64.935814 -60.941360 -9.746443 65.959663 -58.253712 -9.748718 63.559155 -61.253723 -9.746239 63.772163 -58.252556 -10.004086 46.629299 -61.252556 -10.004086 46.629128 -58.251373 -10.002218 21.390726 -61.251381 -10.002218 21.390558 -58.250233 -9.749346 3.963383 -61.250221 -9.746927 3.750000 -58.053490 -9.758324 2.586632 -60.937592 -9.746721 1.562500 -57.813526 -9.771353 2.186583 -60.000000 -9.746574 0.000000 -57.413532 -9.779167 1.946503 -58.437450 -9.746490 -0.937504 -56.036747 -9.780457 1.749807 -56.249931 -9.746468 -1.250000 24.459188 -9.746458 -1.250004 -15.895372 -9.746462 -1.250000 24.459185 -3.425722 -1.250004 24.459188 -9.746458 -1.250004 -15.895372 -9.746462 -1.250000 -15.736961 -3.425722 -1.250000 -56.249931 2.895012 -1.249996 64.813751 2.895020 -1.250004 64.813751 -3.425718 -1.250008 -56.249931 -3.425726 -1.250000 23.735556 -0.556049 43.629112 -15.258430 -0.556091 43.629120 -17.258465 -0.556236 45.629120 25.735582 -0.556190 45.629112 23.735310 -0.554691 24.390553 25.735281 -0.554546 22.390553 -15.258101 -0.554691 24.390556 -17.258064 -0.554550 22.390556 23.735554 1.629269 43.629108 -15.258427 1.629230 43.629120 -15.258430 -0.556091 43.629120 23.735556 -0.556049 43.629112 23.735310 1.630627 24.390553 23.735554 1.629269 43.629108 23.735556 -0.556049 43.629112 23.735310 -0.554691 24.390553 -15.258101 1.630627 24.390556 23.735310 1.630627 24.390553 23.735310 -0.554691 24.390553 -15.258101 -0.554691 24.390556 
						-15.258427 1.629230 43.629120 -15.258101 1.630627 24.390556 -15.258101 -0.554691 24.390556 -15.258430 -0.556091 43.629120 4.194378 1.629341 42.629112 -14.140099 1.629299 42.629120 -15.258427 1.629230 43.629120 -15.258427 1.629230 43.629120 23.735554 1.629269 43.629108 4.194378 1.629341 42.629112 -14.139952 1.630554 25.390556 4.194269 1.630554 25.390553 23.735310 1.630627 24.390553 -15.258101 1.630627 24.390556 -15.258101 1.630627 24.390556 -15.258427 1.629230 43.629120 -14.140099 1.629299 42.629120 15.740992 1.629551 39.590458 15.740992 1.629475 40.694923 16.473070 1.629475 40.694923 15.740992 1.629551 39.590458 16.473070 1.629475 40.694923 16.473070 1.629604 38.799545 15.740992 1.629551 39.590458 16.473070 1.629604 38.799545 16.473070 1.629688 37.694923 15.740992 1.629688 37.694923 16.473070 1.629688 37.694923 16.473070 1.629734 37.053001 16.689737 1.629734 37.053001 17.377510 1.629688 37.694923 17.677896 1.629734 37.053001 18.539513 1.629688 37.694923 19.744192 1.629734 37.053001 19.744192 1.629688 37.694923 13.673916 1.629475 40.694923 12.469868 1.629475 40.694923 17.677116 1.629475 40.694923 19.744192 1.629475 40.694923 23.735554 1.629269 43.629108 19.744192 1.629528 39.903831 19.744192 1.629551 39.590458 19.744192 1.629528 39.903831 23.735310 1.630627 24.390553 19.744192 1.629688 37.694923 19.744192 1.629551 39.590458 23.735310 1.630627 24.390553 19.744192 1.629734 37.053001 19.744192 1.629688 37.694923 23.735310 1.630627 24.390553 19.744192 1.629810 35.947823 19.744192 1.629734 37.053001 19.744192 1.629948 34.053005 19.744192 1.629810 35.947823 23.735310 1.630627 24.390553 16.473070 1.630459 26.769184 18.537195 1.630459 26.769184 19.744192 1.630459 26.769184 23.735310 1.630627 24.390553 19.744192 1.630459 26.769184 19.744192 1.630322 28.662592 19.744192 1.630322 28.662592 19.744192 1.630249 29.769182 16.473070 1.630379 27.875923 
						15.740992 1.630459 26.769184 16.473070 1.630379 27.875923 15.740992 1.630459 26.769184 15.740992 1.630322 28.662594 16.473070 1.630245 29.769182 15.740992 1.630322 28.662594 15.740992 1.630245 29.769182 16.473070 1.630203 30.411093 17.679434 1.630249 29.769182 18.537960 1.630203 30.411093 19.744192 1.630203 30.411093 19.744192 1.630249 29.769182 19.744192 1.630203 30.411093 19.744192 1.630066 32.305206 19.744192 1.630066 32.305206 19.744192 1.629990 33.411095 19.744192 1.629948 34.053005 23.735310 1.630627 24.390553 19.744192 1.629990 33.411095 19.744192 1.629948 34.053005 17.678669 1.629990 33.411095 18.538731 1.629948 34.053005 16.473070 1.629948 34.053005 16.473070 1.629990 33.411095 14.533997 1.630459 26.769184 12.469868 1.630459 26.769184 11.737792 1.629475 40.694923 9.670716 1.629475 40.694923 8.466668 1.629475 40.694923 8.466668 1.629604 38.799545 4.194378 1.629341 42.629112 8.466668 1.629604 38.799545 8.466668 1.629688 37.694923 11.737792 1.629688 37.694923 12.469868 1.629734 37.053001 11.737792 1.629734 37.053001 10.533110 1.629688 37.694923 9.671495 1.629734 37.053001 8.466668 1.629688 37.694923 8.466668 1.629734 37.053001 4.194378 1.629341 42.629112 8.466668 1.629688 37.694923 8.466668 1.629734 37.053001 8.466668 1.629734 37.053001 8.466668 1.629864 35.158340 4.194378 1.629341 42.629112 8.466668 1.629864 35.158340 8.466668 1.629948 34.053005 10.532330 1.629948 34.053005 11.737792 1.629948 34.053005 11.737792 1.629990 33.411095 9.672266 1.629990 33.411095 8.466668 1.629948 34.053005 8.466668 1.629990 33.411095 4.194378 1.629341 42.629112 8.466668 1.629948 34.053005 8.466668 1.629990 33.411095 8.466668 1.630123 31.517130 8.466668 1.630123 31.517130 8.466668 1.630199 30.411093 8.466668 1.630199 30.411093 8.466668 1.630245 29.769182 8.466668 1.630245 29.769182 8.466668 1.630272 29.378128 
						4.194269 1.630554 25.390553 8.466668 1.630272 29.378128 8.466668 1.630375 27.875921 4.194269 1.630554 25.390553 8.466668 1.630375 27.875921 8.466668 1.630459 26.769184 8.466668 1.630459 26.769184 10.530796 1.630459 26.769184 11.737792 1.630459 26.769184 12.469868 1.630379 27.875923 12.469868 1.630379 27.875923 11.737792 1.630459 26.769184 11.737792 1.630322 28.662594 12.469868 1.630245 29.769182 11.737792 1.630322 28.662594 11.737792 1.630245 29.769182 8.885653 1.630245 29.769182 8.466668 1.630199 30.411093 9.573414 1.630199 30.411093 9.673027 1.630245 29.769182 10.531561 1.630199 30.411093 11.737792 1.630199 30.411093 12.469868 1.629990 33.411095 12.469868 1.630013 33.114456 11.737792 1.630054 32.431183 11.737792 1.629990 33.411095 12.469868 1.630013 33.114456 12.469868 1.630123 31.517130 11.737792 1.630066 32.305210 11.737792 1.630054 32.431183 12.469868 1.630123 31.517130 11.737792 1.630199 30.411093 11.737792 1.630066 32.305210 12.469868 1.630123 31.517130 12.469868 1.630199 30.411093 13.676228 1.630245 29.769182 14.534760 1.630199 30.411093 15.740992 1.630203 30.411093 16.473070 1.630123 31.517134 15.740992 1.630066 32.305206 15.740992 1.630066 32.305206 15.740992 1.629990 33.411095 11.737792 1.629810 35.947823 12.469868 1.629864 35.158340 11.737792 1.629810 35.947823 12.469868 1.629864 35.158340 12.469868 1.629948 34.053005 12.469868 1.629948 34.053005 12.787695 1.629990 33.411095 13.475456 1.629948 34.053005 13.675465 1.629990 33.411095 14.535528 1.629948 34.053005 15.740992 1.629948 34.053005 16.473070 1.629864 35.158340 16.473070 1.629864 35.158340 15.740992 1.629948 34.053005 15.740992 1.629807 35.947823 16.473070 1.629864 35.158340 15.740992 1.629807 35.947823 15.740992 1.629795 36.167511 16.473070 1.629745 36.850784 16.473070 1.629864 35.158340 15.740992 1.629795 36.167511 16.473070 1.629745 36.850784 
						15.740992 1.629795 36.167511 15.740992 1.629734 37.053001 14.536310 1.629688 37.694923 13.674696 1.629734 37.053001 12.469868 1.629688 37.694923 11.737792 1.629551 39.590458 11.737792 1.629551 39.590458 12.469868 1.629475 40.694923 12.469868 1.629604 38.799545 12.469868 1.629688 37.694923 11.737792 1.629551 39.590458 12.469868 1.629604 38.799545 
					</float_array>
					<technique_common>
						<accessor count="396" offset="0" source="#meshId0-positions-array" stride="3">
							<param name="X" type="float" />
							<param name="Y" type="float" />
							<param name="Z" type="float" />
						</accessor>
					</technique_common>
				</source>
				<source id="meshId0-normals" name="meshId0-normals">
					<float_array id="meshId0-normals-array" count="1188"> 
						-0.070890 -0.000000 0.997484 -0.070889 -0.000000 0.997484 0.070889 0.000000 0.997484 0.070890 -0.000000 0.997484 0.999997 -0.000000 0.002388 0.999997 -0.000000 0.002411 0.999997 0.000000 -0.002589 0.999997 0.000000 -0.002565 -1.000000 0.000000 -0.000056 -1.000000 0.000000 -0.000056 -1.000000 0.000000 -0.000057 -1.000000 0.000000 -0.000058 -0.141420 0.000000 -0.989950 -0.141420 0.000000 -0.989950 -0.334576 -0.000000 -0.942369 -0.334569 -0.000000 -0.942371 -0.141420 -0.000000 -0.989950 -0.707093 -0.000000 -0.707121 -0.707079 0.000000 -0.707135 0.141420 0.000000 -0.989950 0.141420 0.000000 -0.989950 0.334568 0.000000 -0.942372 0.334575 0.000000 -0.942369 0.141420 0.000000 -0.989950 0.707082 0.000000 -0.707132 0.707096 0.000000 -0.707118 0.334583 0.000000 0.942366 0.334590 -0.000000 0.942364 0.707119 -0.000000 0.707094 0.707133 0.000000 0.707081 -0.334590 -0.000000 0.942364 -0.334583 -0.000000 0.942366 -0.707134 -0.000000 0.707080 -0.707120 -0.000000 0.707094 0.942356 0.000000 -0.334612 0.942349 0.000000 -0.334631 0.997627 0.000000 -0.068842 0.997674 0.000000 -0.068163 0.707096 0.000000 -0.707118 0.707082 0.000000 -0.707132 0.942387 -0.000000 0.334525 0.942380 0.000000 0.334544 0.997688 -0.000000 0.067965 0.997640 0.000000 0.068664 0.707133 0.000000 0.707081 0.707119 -0.000000 0.707094 -0.942347 0.000000 -0.334637 -0.942355 0.000000 -0.334616 -0.997503 0.000000 -0.070622 -0.997456 0.000000 -0.071279 -0.707079 0.000000 -0.707135 -0.707093 -0.000000 -0.707121 -0.942381 -0.000000 0.334542 -0.942388 -0.000000 0.334521 -0.997465 -0.000000 0.071164 -0.997512 0.000000 0.070489 -0.707120 -0.000000 0.707094 -0.707134 -0.000000 0.707080 0.024338 -0.999348 0.026668 0.003581 -0.999845 0.017215 0.000000 -0.999778 0.021090 -0.008669 -0.999758 0.020192 -0.025637 -0.999299 -0.027289 -0.003676 -0.999845 -0.017201 
						-0.000000 -0.999775 -0.021233 0.009106 -0.999750 -0.020437 -0.016564 0.999787 -0.012314 -0.101686 0.994712 -0.014434 -0.000975 0.999982 -0.005967 -0.000000 0.999972 -0.007484 0.000872 0.999972 -0.007465 -0.000002 1.000000 0.000093 0.001245 0.999999 -0.001069 -0.000002 1.000000 0.000095 -0.000000 1.000000 0.000088 -0.000000 1.000000 0.000105 -0.003217 0.999940 -0.010479 -0.000001 1.000000 0.000088 0.015865 0.999802 0.011992 0.100142 0.994869 0.014404 0.000906 0.999982 0.005858 -0.000001 0.999973 0.007282 -0.000856 0.999973 0.007252 0.000001 1.000000 0.000087 -0.001214 0.999999 0.001222 0.000001 1.000000 0.000088 0.000000 1.000000 0.000090 -0.000000 1.000000 0.000085 0.003076 0.999943 0.010207 -0.000000 1.000000 0.000092 -0.000001 1.000000 0.000071 0.000001 1.000000 0.000070 -0.000002 1.000000 0.000073 0.000000 1.000000 0.000072 -1.000000 0.000002 0.000043 -1.000000 0.000002 0.000043 -1.000000 0.000002 0.000043 -1.000000 0.000002 0.000043 0.000000 0.000000 1.000000 0.000000 0.000000 1.000000 0.000000 -0.000000 1.000000 0.000000 -0.000001 1.000000 0.000000 0.000001 1.000000 0.000000 -0.000000 1.000000 1.000000 -0.000001 0.000047 1.000000 0.000002 0.000047 1.000000 0.000002 0.000047 1.000000 -0.000001 0.000047 -0.000000 -0.000000 -1.000000 -0.000000 0.000000 -1.000000 -0.000000 0.000000 -1.000000 -0.000000 0.000001 -1.000000 -0.000000 -0.000001 -1.000000 -0.000000 0.000000 -1.000000 0.004591 -0.999896 0.013642 0.006591 -0.999917 -0.011055 0.000903 -0.999938 -0.011110 0.003791 -0.999954 -0.008768 0.015748 -0.999835 0.009060 0.005031 -0.999981 -0.003628 0.031956 -0.999482 0.003823 0.002775 -0.999996 -0.000291 0.010933 -0.999919 -0.006489 0.000286 -0.999973 -0.007352 0.002061 -0.999986 -0.004965 -0.000010 -0.999974 -0.007270 0.001910 -0.999983 0.005543 -0.000023 -0.999972 0.007500 
						0.071153 -0.997426 0.008889 0.001493 -0.999976 0.006723 0.008765 -0.999914 -0.009727 0.005975 -0.999982 0.000797 0.008285 -0.999750 -0.020758 0.007179 -0.999955 0.006154 0.004220 -0.999921 -0.011853 0.003862 -0.999938 0.010456 0.000572 -0.999996 0.002579 0.000832 -0.999932 0.011598 -0.000944 -0.999934 0.011427 -0.006648 -0.999919 0.010881 -0.004800 -0.999884 -0.014447 -0.003962 -0.999952 0.008979 -0.016487 -0.999818 -0.009617 -0.005257 -0.999980 0.003607 -0.033494 -0.999430 -0.004103 -0.002907 -0.999996 0.000130 -0.010941 -0.999919 0.006479 -0.000305 -0.999971 0.007551 -0.002073 -0.999984 0.005186 0.000000 -0.999972 0.007483 -0.001934 -0.999983 -0.005420 0.000012 -0.999973 -0.007290 -0.069992 -0.997507 -0.009005 -0.001431 -0.999977 -0.006576 -0.008353 -0.999924 0.009107 -0.005716 -0.999983 -0.000941 -0.007925 -0.999775 0.019671 -0.006868 -0.999958 -0.006066 -0.004040 -0.999930 0.011148 -0.003693 -0.999941 -0.010181 -0.000547 -0.999996 -0.002651 -0.000795 -0.999936 -0.011274 0.000000 -0.999936 -0.011331 0.000000 -0.999936 -0.011330 -0.000000 -0.000000 -1.000000 -0.000000 -0.000000 -1.000000 -0.000000 -0.000000 -1.000000 -0.000000 0.000000 -1.000000 -0.000000 0.000000 -1.000000 -0.000000 0.000000 -1.000000 -0.000000 0.000000 -1.000000 -0.000000 0.000000 -1.000000 -0.000001 1.000000 0.000071 -0.000001 1.000000 0.000071 -0.000001 1.000000 0.000071 -0.000001 1.000000 0.000072 0.000000 1.000000 0.000070 -0.000001 1.000000 0.000071 -0.000000 1.000000 0.000072 -0.000000 1.000000 0.000071 0.000000 -0.000000 1.000000 0.000000 -0.000000 1.000000 0.000000 -0.000000 1.000000 0.000000 0.000000 1.000000 1.000000 0.000001 -0.000013 1.000000 0.000001 -0.000013 1.000000 0.000001 -0.000013 1.000000 0.000000 -0.000013 -0.000000 0.000000 -1.000000 -0.000000 0.000000 -1.000000 -0.000000 0.000000 -1.000000 -0.000000 0.000000 -1.000000 
						-1.000000 0.000000 -0.000017 -1.000000 0.000000 -0.000017 -1.000000 0.000000 -0.000017 -1.000000 0.000001 -0.000017 -0.000002 1.000000 0.000070 -0.000002 1.000000 0.000070 -0.000002 1.000000 0.000070 -0.000001 1.000000 0.000092 -0.000001 1.000000 0.000092 -0.000001 1.000000 0.000092 0.000000 1.000000 0.000072 0.000000 1.000000 0.000072 0.000000 1.000000 0.000072 -0.000000 1.000000 0.000071 0.000000 1.000000 0.000073 0.000000 1.000000 0.000073 0.000000 1.000000 0.000073 0.000000 1.000000 0.000070 0.000000 1.000000 0.000070 0.000000 1.000000 0.000070 0.000000 1.000000 0.000070 0.000000 1.000000 0.000070 0.000000 1.000000 0.000070 0.000000 1.000000 0.000070 0.000000 1.000000 0.000070 0.000000 1.000000 0.000070 0.000000 1.000000 0.000070 0.000000 1.000000 0.000070 0.000000 1.000000 0.000070 0.000000 1.000000 0.000070 0.000000 1.000000 0.000070 -0.000000 1.000000 0.000071 -0.000000 1.000000 0.000071 -0.000000 1.000000 0.000070 -0.000000 1.000000 0.000070 0.000000 1.000000 0.000070 0.000000 1.000000 0.000070 0.000000 1.000000 0.000071 0.000000 1.000000 0.000070 0.000000 1.000000 0.000070 0.000000 1.000000 0.000070 -0.000001 1.000000 0.000070 -0.000001 1.000000 0.000070 -0.000001 1.000000 0.000070 -0.000000 1.000000 0.000070 -0.000000 1.000000 0.000070 -0.000000 1.000000 0.000070 -0.000000 1.000000 0.000070 -0.000000 1.000000 0.000070 -0.000000 1.000000 0.000070 0.000000 1.000000 0.000071 0.000000 1.000000 0.000071 -0.000000 1.000000 0.000070 -0.000000 1.000000 0.000070 -0.000000 1.000000 0.000070 -0.000000 1.000000 0.000071 -0.000000 1.000000 0.000071 -0.000000 1.000000 0.000070 -0.000000 1.000000 0.000070 -0.000000 1.000000 0.000070 -0.000000 1.000000 0.000070 -0.000000 1.000000 0.000071 -0.000000 1.000000 0.000071 -0.000000 1.000000 0.000071 
						-0.000000 1.000000 0.000071 -0.000000 1.000000 0.000071 -0.000000 1.000000 0.000071 -0.000000 1.000000 0.000071 -0.000000 1.000000 0.000070 -0.000000 1.000000 0.000070 -0.000000 1.000000 0.000070 -0.000000 1.000000 0.000071 -0.000000 1.000000 0.000071 -0.000000 1.000000 0.000071 -0.000000 1.000000 0.000071 -0.000000 1.000000 0.000070 -0.000000 1.000000 0.000070 -0.000000 1.000000 0.000070 -0.000000 1.000000 0.000070 -0.000000 1.000000 0.000070 0.000000 1.000000 0.000071 0.000000 1.000000 0.000071 0.000000 1.000000 0.000071 -0.000000 1.000000 0.000071 -0.000000 1.000000 0.000071 -0.000000 1.000000 0.000071 -0.000000 1.000000 0.000070 -0.000000 1.000000 0.000070 -0.000000 1.000000 0.000070 -0.000000 1.000000 0.000070 0.000000 1.000000 0.000070 0.000000 1.000000 0.000070 0.000000 1.000000 0.000070 0.000000 1.000000 0.000070 0.000000 1.000000 0.000070 0.000000 1.000000 0.000070 0.000000 1.000000 0.000070 0.000000 1.000000 0.000070 0.000000 1.000000 0.000070 0.000000 1.000000 0.000070 0.000000 1.000000 0.000070 0.000000 1.000000 0.000070 0.000000 1.000000 0.000070 0.000000 1.000000 0.000070 -0.000000 1.000000 0.000070 -0.000000 1.000000 0.000070 -0.000000 1.000000 0.000070 0.000000 1.000000 0.000070 0.000000 1.000000 0.000070 0.000000 1.000000 0.000070 0.000000 1.000000 0.000070 0.000000 1.000000 0.000070 0.000000 1.000000 0.000070 0.000000 1.000000 0.000070 0.000000 1.000000 0.000070 0.000000 1.000000 0.000070 0.000000 1.000000 0.000070 0.000000 1.000000 0.000070 0.000000 1.000000 0.000070 0.000000 1.000000 0.000070 0.000000 1.000000 0.000070 -0.000000 1.000000 0.000070 0.000000 1.000000 0.000070 0.000000 1.000000 0.000070 0.000000 1.000000 0.000070 0.000000 1.000000 0.000070 0.000000 1.000000 0.000070 0.000000 1.000000 0.000070 
						-0.000000 1.000000 0.000070 -0.000000 1.000000 0.000070 -0.000000 1.000000 0.000070 -0.000000 1.000000 0.000070 -0.000000 1.000000 0.000070 -0.000000 1.000000 0.000070 -0.000000 1.000000 0.000071 -0.000000 1.000000 0.000070 -0.000000 1.000000 0.000070 0.000000 1.000000 0.000070 -0.000000 1.000000 0.000071 -0.000000 1.000000 0.000071 -0.000000 1.000000 0.000071 -0.000000 1.000000 0.000070 -0.000000 1.000000 0.000070 -0.000000 1.000000 0.000070 0.000000 1.000000 0.000070 0.000000 1.000000 0.000070 0.000000 1.000000 0.000070 0.000000 1.000000 0.000070 0.000000 1.000000 0.000070 -0.000000 1.000000 0.000071 0.000000 1.000000 0.000070 0.000000 1.000000 0.000070 0.000000 1.000000 0.000070 0.000000 1.000000 0.000070 0.000000 1.000000 0.000070 -0.000000 1.000000 0.000071 -0.000001 1.000000 0.000070 -0.000001 1.000000 0.000070 -0.000001 1.000000 0.000070 -0.000000 1.000000 0.000070 -0.000000 1.000000 0.000070 -0.000000 1.000000 0.000070 -0.000000 1.000000 0.000070 0.000000 1.000000 0.000071 -0.000000 1.000000 0.000070 -0.000000 1.000000 0.000070 0.000000 1.000000 0.000070 -0.000000 1.000000 0.000070 0.000000 1.000000 0.000070 0.000000 1.000000 0.000070 0.000000 1.000000 0.000070 0.000000 1.000000 0.000070 0.000000 1.000000 0.000070 0.000000 1.000000 0.000070 0.000000 1.000000 0.000070 0.000000 1.000000 0.000070 0.000000 1.000000 0.000070 0.000000 1.000000 0.000070 -0.000000 1.000000 0.000071 -0.000000 1.000000 0.000071 -0.000000 1.000000 0.000071 -0.000000 1.000000 0.000071 -0.000000 1.000000 0.000070 -0.000000 1.000000 0.000070 -0.000000 1.000000 0.000070 0.000000 1.000000 0.000071 0.000000 1.000000 0.000071 0.000000 1.000000 0.000071 -0.000000 1.000000 0.000071 -0.000000 1.000000 0.000071 -0.000000 1.000000 0.000071 0.000000 1.000000 0.000070 
						0.000000 1.000000 0.000070 0.000000 1.000000 0.000070 0.000000 1.000000 0.000070 0.000000 1.000000 0.000070 0.000000 1.000000 0.000070 0.000000 1.000000 0.000070 0.000000 1.000000 0.000070 0.000000 1.000000 0.000070 0.000000 1.000000 0.000070 0.000000 1.000000 0.000070 0.000000 1.000000 0.000070 0.000000 1.000000 0.000070 
					</float_array>
					<technique_common>
						<accessor count="396" offset="0" source="#meshId0-normals-array" stride="3">
							<param name="X" type="float" />
							<param name="Y" type="float" />
							<param name="Z" type="float" />
						</accessor>
					</technique_common>
				</source>
				<source id="meshId0-tangents" name="meshId0-tangents">
					<float_array id="meshId0-tangents-array" count="1188"> 
						0.996449 0.000001 0.084195 0.996449 -0.000002 0.084194 0.996449 0.000004 -0.084194 0.996449 0.000001 -0.084195 0.002009 0.000000 -0.999998 0.002028 0.000000 -0.999998 -0.002178 -0.000001 -0.999998 -0.002157 -0.000000 -0.999998 0.000047 -0.000000 -1.000000 0.000047 -0.000000 -1.000000 0.000048 -0.000000 -1.000000 0.000048 -0.000000 -1.000000 0.985881 0.000007 -0.167446 0.985881 0.000001 -0.167446 0.921287 -0.000002 -0.388884 0.921290 -0.000001 -0.388876 0.985881 0.000004 -0.167446 0.643701 -0.000007 -0.765277 0.643716 -0.000006 -0.765264 0.985881 -0.000013 0.167446 0.985881 -0.000007 0.167446 0.921291 0.000002 0.388875 0.921287 0.000002 0.388883 0.985881 -0.000004 0.167446 0.643713 0.000010 0.765267 0.643698 0.000007 0.765279 0.921283 -0.000003 -0.388891 0.921280 -0.000003 -0.388900 0.643673 -0.000013 -0.765301 0.643658 -0.000008 -0.765313 0.921280 0.000005 0.388900 0.921283 0.000003 0.388892 0.643658 0.000008 0.765314 0.643672 0.000011 0.765301 -0.286168 -0.000000 -0.958179 -0.286186 0.000003 -0.958174 -0.057944 0.000001 -0.998320 -0.057371 -0.000000 -0.998353 -0.643698 -0.000001 -0.765279 -0.643713 0.000002 -0.765267 0.286091 0.000002 -0.958202 0.286109 -0.000001 -0.958197 0.057204 -0.000001 -0.998362 0.057793 0.000003 -0.998329 0.643658 0.000000 -0.765313 0.643673 0.000004 -0.765301 0.286191 0.000003 -0.958173 0.286172 -0.000001 -0.958178 0.059444 0.000002 -0.998232 0.059998 0.000003 -0.998198 0.643716 -0.000001 -0.765264 0.643701 -0.000008 -0.765277 -0.286106 -0.000003 -0.958198 -0.286088 -0.000000 -0.958203 -0.059901 -0.000002 -0.998204 -0.059332 0.000002 -0.998238 -0.643673 -0.000009 -0.765301 -0.643658 0.000008 -0.765314 0.999704 0.024347 0.000010 0.999994 0.003582 -0.000004 1.000000 0.000000 0.000000 0.999962 -0.008671 -0.000009 0.999671 -0.025647 0.000011 0.999993 -0.003677 -0.000004 
						1.000000 -0.000000 -0.000000 0.999959 0.009108 -0.000008 -0.999863 -0.016565 0.000006 -0.994815 -0.101696 -0.000024 -1.000000 -0.000975 -0.000000 -1.000000 -0.000000 0.000001 -1.000000 0.000872 -0.000001 -1.000000 -0.000002 -0.000012 -0.999999 0.001245 -0.000001 -1.000000 -0.000002 0.000005 -1.000000 -0.000000 0.000000 -1.000000 -0.000000 0.000000 -0.999995 -0.003217 0.000002 -1.000000 -0.000001 -0.000005 -0.999874 0.015866 0.000003 -0.994972 0.100152 -0.000000 -1.000000 0.000906 0.000001 -1.000000 -0.000001 -0.000000 -1.000000 -0.000856 0.000000 -1.000000 0.000001 0.000004 -0.999999 -0.001214 0.000000 -1.000000 0.000001 -0.000001 -1.000000 0.000000 -0.000000 -1.000000 -0.000000 -0.000000 -0.999995 0.003076 0.000001 -1.000000 -0.000000 0.000003 -1.000000 -0.000001 -0.000000 -1.000000 0.000001 -0.000002 -1.000000 -0.000002 0.000001 -1.000000 0.000000 0.000002 -0.000036 -0.000000 -1.000000 -0.000036 0.000000 -1.000000 -0.000036 0.000000 -1.000000 -0.000036 -0.000000 -1.000000 1.000000 0.000000 -0.000000 1.000000 -0.000000 -0.000000 1.000000 -0.000000 -0.000000 1.000000 0.000000 -0.000000 1.000000 0.000000 -0.000000 1.000000 0.000000 -0.000000 0.000039 0.000000 -1.000000 0.000040 0.000000 -1.000000 0.000040 0.000000 -1.000000 0.000039 0.000000 -1.000000 1.000000 0.000000 -0.000000 1.000000 -0.000000 -0.000000 1.000000 -0.000000 -0.000000 1.000000 0.000000 -0.000000 1.000000 -0.000000 -0.000000 1.000000 0.000000 -0.000000 0.999989 0.004591 0.000004 0.999978 0.006591 0.000004 1.000000 0.000903 0.000000 0.999993 0.003791 0.000001 0.999876 0.015748 -0.000001 0.999987 0.005031 -0.000001 0.999489 0.031956 -0.000010 0.999996 0.002775 0.000000 0.999940 0.010933 -0.000000 1.000000 0.000286 0.000001 0.999998 0.002061 0.000001 1.000000 -0.000010 -0.000001 0.999998 0.001910 -0.000001 1.000000 -0.000023 -0.000001 
						0.997465 0.071156 0.000045 0.999999 0.001493 0.000002 0.999962 0.008766 0.000005 0.999982 0.005975 0.000001 0.999966 0.008287 0.000003 0.999974 0.007179 0.000001 0.999991 0.004220 0.000000 0.999992 0.003862 0.000005 1.000000 0.000572 0.000002 1.000000 0.000832 0.000002 1.000000 -0.000944 0.000000 0.999978 -0.006648 0.000003 0.999988 -0.004800 0.000004 0.999992 -0.003962 -0.000001 0.999864 -0.016488 0.000003 0.999986 -0.005257 -0.000005 0.999439 -0.033495 0.000019 0.999996 -0.002907 -0.000003 0.999940 -0.010941 -0.000001 1.000000 -0.000305 0.000001 0.999998 -0.002073 0.000000 1.000000 0.000000 -0.000000 0.999998 -0.001934 -0.000001 1.000000 0.000013 -0.000002 0.997547 -0.069995 0.000003 0.999999 -0.001431 0.000001 0.999965 -0.008353 0.000003 0.999984 -0.005716 -0.000001 0.999969 -0.007926 0.000007 0.999976 -0.006868 -0.000002 0.999992 -0.004041 -0.000001 0.999993 -0.003694 -0.000002 1.000000 -0.000547 -0.000000 1.000000 -0.000795 -0.000000 1.000000 0.000000 -0.000000 1.000000 0.000000 0.000000 1.000000 0.000000 -0.000000 1.000000 0.000000 -0.000000 1.000000 0.000000 -0.000000 1.000000 -0.000000 -0.000000 1.000000 0.000000 -0.000000 1.000000 0.000000 -0.000000 1.000000 0.000000 -0.000000 1.000000 0.000000 -0.000000 -1.000000 -0.000001 0.000000 -1.000000 -0.000001 0.000000 -1.000000 -0.000001 0.000000 -1.000000 -0.000001 0.000000 -1.000000 0.000000 -0.000009 -1.000000 -0.000001 0.000000 -1.000000 -0.000000 0.000000 -1.000000 -0.000000 -0.000000 1.000000 -0.000001 -0.000000 1.000000 -0.000001 -0.000000 1.000000 -0.000001 -0.000000 1.000000 -0.000000 -0.000000 -0.000011 -0.000000 -1.000000 -0.000011 -0.000000 -1.000000 -0.000011 -0.000000 -1.000000 -0.000011 0.000001 -1.000000 1.000000 -0.000000 -0.000000 1.000000 -0.000000 -0.000000 1.000000 -0.000000 -0.000000 1.000000 -0.000000 -0.000000 
						0.000014 -0.000001 -1.000000 0.000014 -0.000001 -1.000000 0.000014 -0.000001 -1.000000 0.000015 -0.000001 -1.000000 -1.000000 -0.000002 0.000001 -1.000000 -0.000002 0.000001 -1.000000 -0.000002 0.000001 -1.000000 -0.000001 0.000000 -1.000000 -0.000001 0.000000 -1.000000 -0.000001 0.000000 -1.000000 0.000000 0.000000 -1.000000 0.000000 0.000000 -1.000000 0.000000 0.000000 -1.000000 -0.000000 0.000000 -1.000000 0.000000 -0.000021 -1.000000 0.000000 -0.000021 -1.000000 0.000000 -0.000021 -1.000000 0.000000 0.000000 -1.000000 0.000000 0.000000 -1.000000 0.000000 0.000000 -1.000000 0.000000 -0.000021 -1.000000 0.000000 -0.000021 -1.000000 0.000000 -0.000021 -1.000000 0.000000 0.000012 -1.000000 0.000000 0.000012 -1.000000 0.000000 0.000012 -1.000000 0.000000 0.000000 -1.000000 0.000000 0.000000 -1.000000 0.000000 0.000000 -1.000000 0.000000 0.000000 -1.000000 0.000000 0.000000 -1.000000 -0.000000 -0.000000 -1.000000 -0.000000 -0.000000 -1.000000 -0.000000 -0.000000 -1.000000 -0.000000 -0.000000 -1.000000 0.000000 0.000000 -1.000000 0.000000 0.000000 -1.000000 0.000000 0.000000 -1.000000 0.000000 0.000000 -1.000000 0.000000 0.000001 -1.000000 0.000000 0.000004 -1.000000 -0.000001 -0.000378 -1.000000 -0.000001 -0.000378 -1.000000 -0.000001 -0.000378 -1.000000 -0.000000 0.000045 -1.000000 -0.000000 0.000045 -1.000000 -0.000000 0.000045 -1.000000 -0.000000 -0.000103 -1.000000 -0.000000 -0.000103 -1.000000 -0.000000 -0.000103 -1.000000 0.000000 0.000039 -1.000000 0.000000 0.000039 -1.000000 -0.000000 -0.000029 -1.000000 -0.000000 -0.000029 -1.000000 -0.000000 -0.000029 -1.000000 -0.000000 -0.000000 -1.000000 -0.000000 -0.000000 -1.000000 -0.000000 -0.000000 -1.000000 -0.000000 0.000022 -1.000000 -0.000000 0.000022 -1.000000 -0.000000 0.000022 -1.000000 -0.000000 -0.000021 -1.000000 -0.000000 -0.000021 -1.000000 -0.000000 -0.000000 
						-1.000000 -0.000000 -0.000000 -1.000000 -0.000000 0.000047 -1.000000 -0.000000 0.000047 -1.000000 -0.000000 0.000047 -1.000000 -0.000000 0.000005 -1.000000 -0.000000 0.000005 -1.000000 -0.000000 -0.000000 -1.000000 -0.000000 -0.000000 -1.000000 -0.000000 0.000000 -1.000000 -0.000000 -0.000000 -1.000000 -0.000000 -0.000000 -1.000000 -0.000000 -0.000000 -1.000000 -0.000000 0.000027 -1.000000 -0.000000 0.000027 -1.000000 -0.000000 -0.000010 -1.000000 -0.000000 -0.000010 -1.000000 0.000000 0.000069 -1.000000 0.000000 0.000069 -1.000000 0.000000 0.000069 -1.000000 -0.000000 -0.000000 -1.000000 -0.000000 -0.000000 -1.000000 -0.000000 -0.000000 -1.000000 -0.000000 -0.000000 -1.000000 -0.000000 -0.000000 -1.000000 -0.000000 -0.000000 -1.000000 -0.000000 -0.000000 -1.000000 0.000000 0.000000 -1.000000 0.000000 0.000000 -1.000000 0.000000 0.000000 -1.000000 0.000000 -0.000005 -1.000000 0.000000 0.000022 -1.000000 0.000000 0.000022 -1.000000 0.000000 0.000022 -1.000000 0.000000 0.000000 -1.000000 0.000000 0.000000 -1.000000 0.000000 0.000000 -1.000000 0.000000 0.000000 -1.000000 0.000000 0.000000 -1.000000 0.000000 0.000000 -1.000000 0.000000 0.000000 -1.000000 -0.000000 -0.000033 -1.000000 -0.000000 -0.000033 -1.000000 -0.000000 -0.000033 -1.000000 0.000000 0.000030 -1.000000 0.000000 0.000030 -1.000000 0.000000 -0.000063 -1.000000 0.000000 -0.000063 -1.000000 0.000000 -0.000063 -1.000000 0.000000 0.000000 -1.000000 0.000000 0.000000 -1.000000 0.000000 0.000000 -1.000000 0.000000 0.000000 -1.000000 0.000000 0.000000 -1.000000 0.000000 0.000000 -1.000000 0.000000 0.000069 -1.000000 0.000000 0.000069 -1.000000 0.000000 0.000069 -1.000000 -0.000000 0.000000 -1.000000 0.000000 0.000059 -1.000000 0.000000 0.000059 -1.000000 0.000000 -0.000028 -1.000000 0.000000 -0.000028 -1.000000 0.000000 0.000008 -1.000000 0.000000 0.000008 
						-1.000000 -0.000000 0.000021 -1.000000 -0.000000 0.000021 -1.000000 -0.000000 0.000021 -1.000000 -0.000000 -0.000026 -1.000000 -0.000000 -0.000026 -1.000000 -0.000000 -0.000026 -1.000000 -0.000000 -0.000001 -1.000000 -0.000000 -0.000000 -1.000000 -0.000000 -0.000000 -1.000000 0.000000 0.000000 -1.000000 -0.000000 0.000047 -1.000000 -0.000000 0.000047 -1.000000 -0.000000 0.000047 -1.000000 -0.000000 0.000005 -1.000000 -0.000000 0.000005 -1.000000 -0.000000 -0.000000 -1.000000 0.000000 0.000000 -1.000000 0.000000 0.000000 -1.000000 0.000000 0.000000 -1.000000 0.000000 0.000000 -1.000000 0.000000 0.000000 -1.000000 -0.000000 -0.000000 -1.000000 0.000000 0.000000 -1.000000 0.000000 0.000000 -1.000000 0.000000 0.000018 -1.000000 0.000000 0.000018 -1.000000 0.000000 0.000018 -1.000000 -0.000000 0.000023 -1.000000 -0.000001 -0.000087 -1.000000 -0.000001 -0.000087 -1.000000 -0.000001 -0.000087 -1.000000 -0.000000 0.000014 -1.000000 -0.000000 0.000014 -1.000000 -0.000000 -0.000000 -1.000000 -0.000000 -0.000000 -1.000000 0.000000 0.000000 -1.000000 -0.000000 -0.000000 -1.000000 -0.000000 0.000000 -1.000000 0.000000 0.000000 -1.000000 -0.000000 0.000005 -1.000000 0.000000 -0.000009 -1.000000 0.000000 0.000000 -1.000000 0.000000 0.000000 -1.000000 0.000000 -0.000007 -1.000000 0.000000 -0.000065 -1.000000 0.000000 -0.000065 -1.000000 0.000000 -0.000065 -1.000000 0.000000 0.000000 -1.000000 0.000000 0.000000 -1.000000 0.000000 0.000000 -1.000000 -0.000000 -0.000000 -1.000000 -0.000000 -0.000000 -1.000000 -0.000000 -0.000000 -1.000000 -0.000000 -0.000000 -1.000000 -0.000000 -0.000038 -1.000000 -0.000000 -0.000038 -1.000000 -0.000000 -0.000038 -1.000000 0.000000 0.000035 -1.000000 0.000000 0.000035 -1.000000 0.000000 0.000035 -1.000000 -0.000000 -0.000022 -1.000000 -0.000000 -0.000022 -1.000000 -0.000000 -0.000022 -1.000000 0.000000 -0.000010 
						-1.000000 0.000000 -0.000010 -1.000000 0.000000 -0.000010 -1.000000 0.000000 0.000000 -1.000000 0.000000 0.000000 -1.000000 0.000000 0.000000 -1.000000 0.000000 0.000000 -1.000000 0.000000 -0.000021 -1.000000 0.000000 -0.000021 -1.000000 0.000000 -0.000021 -1.000000 0.000000 0.000012 -1.000000 0.000000 0.000012 -1.000000 0.000000 0.000012 
					</float_array>
					<technique_common>
						<accessor count="396" offset="0" source="#meshId0-tangents-array" stride="3">
							<param name="X" type="float" />
							<param name="Y" type="float" />
							<param name="Z" type="float" />
						</accessor>
					</technique_common>
				</source>
				<source id="meshId0-bitangents" name="meshId0-bitangents">
					<float_array id="meshId0-bitangents-array" count="1188"> 
						-0.000001 1.000000 -0.000000 0.000002 1.000000 0.000000 -0.000004 1.000000 0.000000 -0.000001 1.000000 0.000000 -0.000000 1.000000 0.000000 -0.000000 1.000000 0.000000 -0.000000 1.000000 -0.000001 -0.000000 1.000000 -0.000000 -0.000000 -1.000000 0.000000 -0.000000 -1.000000 0.000000 -0.000000 -1.000000 0.000000 -0.000000 -1.000000 0.000000 0.000006 -1.000000 -0.000001 0.000001 -1.000000 -0.000000 -0.000002 -1.000000 0.000001 -0.000001 -1.000000 0.000001 0.000004 -1.000000 -0.000001 -0.000005 -1.000000 0.000006 -0.000004 -1.000000 0.000005 -0.000013 -1.000000 -0.000002 -0.000007 -1.000000 -0.000001 0.000002 -1.000000 0.000001 0.000002 -1.000000 0.000001 -0.000004 -1.000000 -0.000001 0.000007 -1.000000 0.000009 0.000005 -1.000000 0.000006 0.000003 1.000000 -0.000001 0.000003 1.000000 -0.000001 0.000009 1.000000 -0.000011 0.000006 1.000000 -0.000007 -0.000004 1.000000 -0.000002 -0.000003 1.000000 -0.000001 -0.000006 1.000000 -0.000007 -0.000008 1.000000 -0.000009 -0.000000 1.000000 -0.000000 0.000001 1.000000 0.000003 0.000000 1.000000 0.000001 -0.000000 1.000000 -0.000000 -0.000001 1.000000 -0.000001 0.000001 1.000000 0.000001 -0.000001 1.000000 0.000003 0.000000 1.000000 -0.000001 0.000000 1.000000 -0.000002 -0.000000 1.000000 0.000004 -0.000000 1.000000 0.000000 -0.000003 1.000000 0.000003 0.000001 -1.000000 -0.000003 -0.000000 -1.000000 0.000001 0.000000 -1.000000 -0.000003 0.000000 -1.000000 -0.000003 -0.000001 -1.000000 0.000001 -0.000006 -1.000000 0.000007 0.000001 -1.000000 0.000004 0.000000 -1.000000 0.000000 0.000000 -1.000000 0.000003 -0.000000 -1.000000 -0.000002 0.000006 -1.000000 0.000007 -0.000005 -1.000000 -0.000006 -0.000555 0.022426 0.999748 -0.000049 0.014480 0.999895 -0.000000 0.017740 0.999843 0.000154 0.016984 0.999856 -0.000598 -0.022947 0.999737 -0.000050 -0.014468 0.999895 
						0.000000 -0.017860 0.999840 0.000163 -0.017190 0.999852 -0.000167 0.010356 0.999946 -0.001255 0.012076 0.999926 -0.000005 0.005019 0.999987 0.000001 0.006295 0.999980 0.000005 0.006279 0.999980 -0.000010 -0.000079 1.000000 0.000001 0.000899 1.000000 0.000004 -0.000079 1.000000 0.000000 -0.000074 1.000000 0.000000 -0.000088 1.000000 -0.000027 0.008814 0.999961 -0.000004 -0.000074 1.000000 -0.000157 -0.010085 0.999949 -0.001213 -0.012055 0.999927 -0.000004 -0.004927 0.999988 -0.000000 -0.006125 0.999981 0.000005 -0.006099 0.999981 0.000003 -0.000073 1.000000 0.000001 -0.001028 1.000000 -0.000001 -0.000074 1.000000 -0.000000 -0.000076 1.000000 -0.000000 -0.000072 1.000000 -0.000025 -0.008585 0.999963 0.000003 -0.000078 1.000000 -0.000000 -0.000059 1.000000 -0.000002 -0.000059 1.000000 0.000001 -0.000061 1.000000 0.000002 -0.000061 1.000000 -0.000002 -1.000000 0.000000 -0.000002 -1.000000 -0.000000 -0.000002 -1.000000 -0.000000 -0.000002 -1.000000 0.000000 -0.000000 1.000000 -0.000000 0.000000 1.000000 -0.000000 0.000000 1.000000 0.000000 -0.000000 1.000000 0.000001 -0.000000 1.000000 -0.000001 -0.000000 1.000000 0.000000 0.000001 1.000000 0.000000 -0.000002 1.000000 0.000000 -0.000002 1.000000 0.000000 0.000001 1.000000 0.000000 0.000000 -1.000000 0.000000 -0.000000 -1.000000 -0.000000 -0.000000 -1.000000 -0.000000 0.000000 -1.000000 -0.000001 -0.000000 -1.000000 0.000001 0.000000 -1.000000 -0.000000 -0.000056 0.011475 0.999934 0.000058 -0.009298 0.999957 0.000008 -0.009345 0.999956 0.000027 -0.007375 0.999973 -0.000119 0.007619 0.999971 0.000016 -0.003051 0.999995 -0.000094 0.003214 0.999995 0.000000 -0.000245 1.000000 0.000060 -0.005458 0.999985 0.000001 -0.006184 0.999981 0.000008 -0.004176 0.999991 0.000001 -0.006115 0.999981 -0.000008 0.004662 0.999989 0.000001 0.006309 0.999980 
						-0.000570 0.007455 0.999972 -0.000010 0.005655 0.999984 0.000067 -0.008181 0.999967 -0.000005 0.000670 1.000000 0.000142 -0.017460 0.999848 -0.000038 0.005176 0.999987 0.000042 -0.009970 0.999950 -0.000038 0.008795 0.999961 -0.000003 0.002169 0.999998 -0.000010 0.009755 0.999952 0.000009 0.009612 0.999954 0.000058 0.009152 0.999958 -0.000062 -0.012151 0.999926 0.000031 0.007552 0.999971 -0.000136 -0.008088 0.999967 0.000020 0.003034 0.999995 -0.000131 -0.003449 0.999994 0.000003 0.000109 1.000000 0.000061 0.005449 0.999985 0.000001 0.006351 0.999980 0.000009 0.004362 0.999990 0.000000 0.006294 0.999980 -0.000008 -0.004559 0.999990 0.000001 -0.006131 0.999981 -0.000533 -0.007555 0.999971 -0.000009 -0.005531 0.999985 0.000061 0.007660 0.999971 -0.000004 -0.000791 1.000000 0.000125 0.016545 0.999863 -0.000034 -0.005102 0.999987 0.000039 0.009377 0.999956 -0.000030 -0.008563 0.999963 -0.000001 -0.002230 0.999998 -0.000007 -0.009483 0.999955 0.000000 -0.009530 0.999955 -0.000000 -0.009530 0.999955 0.000000 -1.000000 0.000000 0.000000 -1.000000 0.000000 0.000000 -1.000000 0.000000 -0.000000 -1.000000 -0.000000 0.000000 -1.000000 -0.000000 0.000000 -1.000000 -0.000000 0.000000 -1.000000 0.000000 0.000000 -1.000000 -0.000000 0.000000 -0.000060 1.000000 0.000000 -0.000060 1.000000 0.000000 -0.000060 1.000000 0.000000 -0.000061 1.000000 -0.000008 -0.000059 1.000000 0.000000 -0.000059 1.000000 0.000000 -0.000061 1.000000 -0.000000 -0.000060 1.000000 0.000001 1.000000 0.000000 0.000001 1.000000 0.000000 0.000001 1.000000 0.000000 0.000000 1.000000 -0.000000 -0.000001 1.000000 -0.000000 -0.000001 1.000000 -0.000000 -0.000001 1.000000 -0.000000 0.000000 1.000000 0.000001 -0.000000 -1.000000 -0.000000 -0.000000 -1.000000 -0.000000 -0.000000 -1.000000 -0.000000 -0.000000 -1.000000 -0.000000 
						-0.000000 -1.000000 0.000001 -0.000000 -1.000000 0.000001 -0.000000 -1.000000 0.000001 -0.000001 -1.000000 0.000001 0.000001 -0.000059 1.000000 0.000001 -0.000059 1.000000 0.000001 -0.000059 1.000000 0.000000 -0.000078 1.000000 0.000000 -0.000078 1.000000 0.000000 -0.000078 1.000000 0.000000 -0.000061 1.000000 0.000000 -0.000061 1.000000 0.000000 -0.000061 1.000000 0.000000 -0.000060 1.000000 -0.000018 -0.000061 1.000000 -0.000018 -0.000061 1.000000 -0.000018 -0.000061 1.000000 0.000000 -0.000059 1.000000 0.000000 -0.000059 1.000000 0.000000 -0.000059 1.000000 -0.000018 -0.000059 1.000000 -0.000018 -0.000059 1.000000 -0.000018 -0.000059 1.000000 0.000010 -0.000059 1.000000 0.000010 -0.000059 1.000000 0.000010 -0.000059 1.000000 0.000000 -0.000059 1.000000 0.000000 -0.000059 1.000000 0.000000 -0.000059 1.000000 0.000000 -0.000059 1.000000 0.000000 -0.000059 1.000000 0.000000 -0.000059 1.000000 0.000000 -0.000059 1.000000 0.000000 -0.000059 1.000000 0.000000 -0.000059 1.000000 0.000000 -0.000059 1.000000 0.000000 -0.000059 1.000000 0.000000 -0.000060 1.000000 0.000000 -0.000059 1.000000 0.000001 -0.000059 1.000000 0.000003 -0.000059 1.000000 -0.000318 -0.000059 1.000000 -0.000318 -0.000059 1.000000 -0.000318 -0.000059 1.000000 0.000038 -0.000059 1.000000 0.000038 -0.000059 1.000000 0.000038 -0.000059 1.000000 -0.000086 -0.000059 1.000000 -0.000086 -0.000059 1.000000 -0.000086 -0.000059 1.000000 0.000033 -0.000059 1.000000 0.000033 -0.000059 1.000000 -0.000024 -0.000059 1.000000 -0.000024 -0.000059 1.000000 -0.000024 -0.000059 1.000000 0.000000 -0.000059 1.000000 0.000000 -0.000059 1.000000 0.000000 -0.000059 1.000000 0.000019 -0.000059 1.000000 0.000019 -0.000059 1.000000 0.000019 -0.000059 1.000000 -0.000017 -0.000059 1.000000 -0.000017 -0.000059 1.000000 0.000000 -0.000059 1.000000 
						0.000000 -0.000059 1.000000 0.000040 -0.000059 1.000000 0.000040 -0.000059 1.000000 0.000040 -0.000059 1.000000 0.000004 -0.000059 1.000000 0.000004 -0.000059 1.000000 0.000000 -0.000059 1.000000 -0.000000 -0.000059 1.000000 0.000000 -0.000059 1.000000 0.000000 -0.000059 1.000000 0.000000 -0.000059 1.000000 0.000000 -0.000059 1.000000 0.000022 -0.000059 1.000000 0.000022 -0.000059 1.000000 -0.000008 -0.000059 1.000000 -0.000008 -0.000059 1.000000 0.000058 -0.000059 1.000000 0.000058 -0.000059 1.000000 0.000058 -0.000059 1.000000 0.000000 -0.000059 1.000000 0.000000 -0.000059 1.000000 0.000000 -0.000059 1.000000 0.000000 -0.000059 1.000000 0.000000 -0.000059 1.000000 0.000000 -0.000059 1.000000 0.000000 -0.000059 1.000000 0.000000 -0.000059 1.000000 0.000000 -0.000059 1.000000 0.000000 -0.000059 1.000000 -0.000004 -0.000059 1.000000 0.000019 -0.000059 1.000000 0.000019 -0.000059 1.000000 0.000019 -0.000059 1.000000 0.000000 -0.000059 1.000000 0.000000 -0.000059 1.000000 0.000000 -0.000059 1.000000 0.000000 -0.000059 1.000000 0.000000 -0.000059 1.000000 0.000000 -0.000059 1.000000 0.000000 -0.000059 1.000000 -0.000028 -0.000059 1.000000 -0.000028 -0.000059 1.000000 -0.000028 -0.000059 1.000000 0.000025 -0.000059 1.000000 0.000025 -0.000059 1.000000 -0.000053 -0.000059 1.000000 -0.000053 -0.000059 1.000000 -0.000053 -0.000059 1.000000 0.000000 -0.000059 1.000000 0.000000 -0.000059 1.000000 0.000000 -0.000059 1.000000 0.000000 -0.000059 1.000000 0.000000 -0.000059 1.000000 0.000000 -0.000059 1.000000 0.000058 -0.000059 1.000000 0.000058 -0.000059 1.000000 0.000058 -0.000059 1.000000 0.000000 -0.000059 1.000000 0.000049 -0.000059 1.000000 0.000049 -0.000059 1.000000 -0.000023 -0.000059 1.000000 -0.000023 -0.000059 1.000000 0.000006 -0.000059 1.000000 0.000006 -0.000059 1.000000 
						0.000017 -0.000059 1.000000 0.000017 -0.000059 1.000000 0.000017 -0.000059 1.000000 -0.000022 -0.000059 1.000000 -0.000022 -0.000059 1.000000 -0.000022 -0.000059 1.000000 -0.000001 -0.000059 1.000000 0.000000 -0.000059 1.000000 0.000000 -0.000059 1.000000 0.000000 -0.000059 1.000000 0.000040 -0.000059 1.000000 0.000040 -0.000059 1.000000 0.000040 -0.000059 1.000000 0.000004 -0.000059 1.000000 0.000004 -0.000059 1.000000 0.000000 -0.000059 1.000000 0.000000 -0.000059 1.000000 0.000000 -0.000059 1.000000 0.000000 -0.000059 1.000000 0.000000 -0.000059 1.000000 0.000000 -0.000059 1.000000 0.000000 -0.000059 1.000000 0.000000 -0.000059 1.000000 0.000000 -0.000059 1.000000 0.000015 -0.000059 1.000000 0.000015 -0.000059 1.000000 0.000015 -0.000059 1.000000 0.000019 -0.000059 1.000000 -0.000074 -0.000059 1.000000 -0.000074 -0.000059 1.000000 -0.000074 -0.000059 1.000000 0.000012 -0.000059 1.000000 0.000012 -0.000059 1.000000 0.000000 -0.000059 1.000000 -0.000000 -0.000059 1.000000 0.000000 -0.000059 1.000000 0.000000 -0.000059 1.000000 0.000000 -0.000059 1.000000 0.000000 -0.000059 1.000000 0.000004 -0.000059 1.000000 -0.000007 -0.000059 1.000000 0.000000 -0.000059 1.000000 0.000000 -0.000059 1.000000 -0.000006 -0.000059 1.000000 -0.000055 -0.000059 1.000000 -0.000055 -0.000059 1.000000 -0.000055 -0.000059 1.000000 0.000000 -0.000059 1.000000 0.000000 -0.000059 1.000000 0.000000 -0.000059 1.000000 0.000000 -0.000059 1.000000 0.000000 -0.000059 1.000000 0.000000 -0.000059 1.000000 0.000000 -0.000059 1.000000 -0.000032 -0.000059 1.000000 -0.000032 -0.000059 1.000000 -0.000032 -0.000059 1.000000 0.000029 -0.000059 1.000000 0.000029 -0.000059 1.000000 0.000029 -0.000059 1.000000 -0.000019 -0.000059 1.000000 -0.000019 -0.000059 1.000000 -0.000019 -0.000059 1.000000 -0.000009 -0.000059 1.000000 
						-0.000009 -0.000059 1.000000 -0.000009 -0.000059 1.000000 -0.000000 -0.000059 1.000000 0.000000 -0.000059 1.000000 0.000000 -0.000059 1.000000 0.000000 -0.000059 1.000000 -0.000018 -0.000059 1.000000 -0.000018 -0.000059 1.000000 -0.000018 -0.000059 1.000000 0.000010 -0.000059 1.000000 0.000010 -0.000059 1.000000 0.000010 -0.000059 1.000000 
					</float_array>
					<technique_common>
						<accessor count="396" offset="0" source="#meshId0-bitangents-array" stride="3">
							<param name="X" type="float" />
							<param name="Y" type="float" />
							<param name="Z" type="float" />
						</accessor>
					</technique_common>
				</source>
				<source id="meshId0-tex0" name="meshId0-tex0">
					<float_array id="meshId0-tex0-array" count="792"> 
						0.381800 0.232763 0.381800 0.197684 0.717758 0.197684 0.717758 0.232763 0.926723 0.174215 0.926723 0.209317 0.856642 0.209312 0.856642 0.174210 0.926722 0.212480 0.926722 0.247582 0.856642 0.247587 0.856642 0.212485 0.381795 0.252774 0.381795 0.270304 0.375728 0.270304 0.375728 0.235243 0.381795 0.235243 0.371394 0.270304 0.371394 0.235244 0.717560 0.252774 0.717560 0.235243 0.723627 0.235243 0.723627 0.270304 0.717560 0.270304 0.727960 0.235244 0.727960 0.270304 0.723828 0.197684 0.723828 0.232763 0.728163 0.197685 0.728163 0.232763 0.375730 0.232763 0.375730 0.197684 0.371394 0.232763 0.371394 0.197685 0.981780 0.174924 0.981780 0.210026 0.975706 0.210026 0.975706 0.174924 0.986119 0.174925 0.986119 0.210027 0.802966 0.210027 0.802966 0.174925 0.809040 0.174926 0.809040 0.210028 0.798627 0.210027 0.798627 0.174925 0.981780 0.211770 0.981780 0.246872 0.975705 0.246873 0.975705 0.211771 0.986118 0.211770 0.986118 0.246872 0.802966 0.246872 0.802966 0.211770 0.809040 0.211769 0.809040 0.246871 0.798627 0.246872 0.798627 0.211770 0.332369 0.165809 0.332357 0.185939 0.031670 0.185939 0.031655 0.165790 0.031655 0.028505 0.031670 0.008800 
						0.332357 0.008800 0.332369 0.028486 0.367564 0.186452 0.366699 0.180400 0.366942 0.132970 0.729337 0.132970 0.729340 0.180400 0.728476 0.186453 0.725883 0.190776 0.721560 0.193369 0.715508 0.194234 0.380532 0.194234 0.374480 0.193369 0.370157 0.190776 0.728466 0.008282 0.729331 0.014334 0.729334 0.063141 0.366945 0.063141 0.366709 0.014334 0.367573 0.008281 0.370167 0.003958 0.374491 0.001365 0.380543 0.000500 0.715496 0.000500 0.721549 0.001365 0.725872 0.003958 0.369712 0.065908 0.369709 0.130203 0.726567 0.065908 0.726570 0.130203 0.740856 0.483518 0.676561 0.483522 0.676561 0.474686 0.740856 0.474681 0.357354 0.286333 0.000500 0.286333 0.000500 0.277497 0.119451 0.277497 0.238402 0.277497 0.357354 0.277497 0.883135 0.751678 0.947430 0.751683 0.947430 0.760519 0.883135 0.760515 0.000500 0.197685 0.357360 0.197684 0.357359 0.206521 0.238406 0.206521 0.119453 0.206521 0.000500 0.206521 0.352526 0.009344 0.348717 0.008800 0.349306 0.000500 0.355359 0.001365 0.353633 0.010008 0.359682 0.003959 0.354296 0.011115 0.362276 0.008282 0.354838 0.014904 0.363141 0.014334 0.354604 0.063122 0.362905 0.063142 0.354607 0.132994 0.362908 0.132973 
						0.354847 0.179836 0.363150 0.180405 0.354306 0.183624 0.362286 0.186457 0.353642 0.184731 0.359692 0.190780 0.352536 0.185395 0.355369 0.193374 0.348727 0.185939 0.349317 0.194239 0.014333 0.194239 0.014923 0.185939 0.011114 0.185395 0.008281 0.193374 0.010008 0.184731 0.003958 0.190780 0.009344 0.183624 0.001364 0.186457 0.008801 0.179815 0.000500 0.180405 0.008804 0.132974 0.000503 0.132973 0.008807 0.063143 0.000507 0.063142 0.008810 0.014925 0.000510 0.014334 0.009355 0.011115 0.001375 0.008282 0.010018 0.010008 0.003969 0.003959 0.011125 0.009344 0.008292 0.001365 0.014934 0.008800 0.014345 0.000500 0.237653 0.000500 0.125999 0.000500 0.605638 0.252774 0.605638 0.270304 0.493717 0.270304 0.494156 0.252774 0.381795 0.235243 0.717560 0.235243 0.717560 0.252774 0.381795 0.252774 0.124987 0.270530 0.232873 0.270530 0.238406 0.276064 0.119453 0.276064 0.124987 0.217302 0.119454 0.211769 0.232872 0.217302 0.238405 0.211769 0.662380 0.936130 0.554494 0.936129 0.554494 0.930083 0.662380 0.930083 0.936363 0.771813 0.883135 0.771809 0.883135 0.765763 0.936363 0.765767 0.779848 0.972337 0.887732 0.972337 0.887732 0.978383 0.779848 0.978383 
						0.371394 0.920698 0.424622 0.920694 0.424622 0.926740 0.371394 0.926744 0.721236 0.980545 0.771963 0.980545 0.775057 0.983311 0.775057 0.983311 0.667171 0.983311 0.721236 0.980545 0.771962 0.932850 0.721236 0.932850 0.667172 0.930083 0.775056 0.930083 0.775056 0.930083 0.775057 0.983311 0.771963 0.980545 0.689290 0.972137 0.689290 0.975193 0.687264 0.975193 0.689290 0.972137 0.687264 0.975193 0.687264 0.969949 0.689290 0.972137 0.687264 0.969949 0.687264 0.966893 0.689290 0.966893 0.687264 0.966893 0.687264 0.965117 0.686665 0.965117 0.684762 0.966893 0.683931 0.965117 0.681547 0.966893 0.678214 0.965117 0.678214 0.966893 0.695009 0.975193 0.698340 0.975193 0.683933 0.975193 0.678214 0.975193 0.667171 0.983311 0.678214 0.973004 0.678214 0.972137 0.678214 0.973004 0.667172 0.930083 0.678214 0.966893 0.678214 0.972137 0.667172 0.930083 0.678214 0.965117 0.678214 0.966893 0.667172 0.930083 0.678214 0.962059 0.678214 0.965117 0.678214 0.956817 0.678214 0.962059 0.667172 0.930083 0.687264 0.936664 0.681553 0.936664 0.678214 0.936664 0.667172 0.930083 0.678214 0.936664 0.678214 0.941903 0.678214 0.941903 0.678214 0.944965 0.687264 0.939726 
						0.689290 0.936664 0.687264 0.939726 0.689290 0.936664 0.689290 0.941903 0.687264 0.944965 0.689290 0.941903 0.689290 0.944965 0.687264 0.946741 0.683927 0.944965 0.681551 0.946741 0.678214 0.946741 0.678214 0.944965 0.678214 0.946741 0.678214 0.951981 0.678214 0.951981 0.678214 0.955041 0.678214 0.956817 0.667172 0.930083 0.678214 0.955041 0.678214 0.956817 0.683929 0.955041 0.681549 0.956817 0.687264 0.956817 0.687264 0.955041 0.692629 0.936664 0.698340 0.936664 0.700365 0.975193 0.706085 0.975193 0.709416 0.975193 0.709416 0.969949 0.721236 0.980545 0.709416 0.969949 0.709416 0.966893 0.700365 0.966893 0.698340 0.965117 0.700365 0.965117 0.703699 0.966893 0.706082 0.965117 0.709416 0.966893 0.709416 0.965117 0.721236 0.980545 0.709416 0.966893 0.709416 0.965117 0.709416 0.965117 0.709416 0.959875 0.721236 0.980545 0.709416 0.959875 0.709416 0.956817 0.703701 0.956817 0.700365 0.956817 0.700365 0.955041 0.706080 0.955041 0.709416 0.956817 0.709416 0.955041 0.721236 0.980545 0.709416 0.956817 0.709416 0.955041 0.709416 0.949801 0.709416 0.949801 0.709416 0.946741 0.709416 0.946741 0.709416 0.944965 0.709416 0.944965 0.709416 0.943883 
						0.721236 0.932850 0.709416 0.943883 0.709416 0.939726 0.721236 0.932850 0.709416 0.939726 0.709416 0.936664 0.709416 0.936664 0.703705 0.936664 0.700365 0.936664 0.698340 0.939726 0.698340 0.939726 0.700365 0.936664 0.700365 0.941903 0.698340 0.944965 0.700365 0.941903 0.700365 0.944965 0.708256 0.944965 0.709416 0.946741 0.706354 0.946741 0.706078 0.944965 0.703703 0.946741 0.700365 0.946741 0.698340 0.955041 0.698340 0.954220 0.700365 0.952330 0.700365 0.955041 0.698340 0.954220 0.698340 0.949801 0.700365 0.951981 0.700365 0.952330 0.698340 0.949801 0.700365 0.946741 0.700365 0.951981 0.698340 0.949801 0.698340 0.946741 0.695002 0.944965 0.692627 0.946741 0.689290 0.946741 0.687264 0.949801 0.689290 0.951981 0.689290 0.951981 0.689290 0.955041 0.700365 0.962059 0.698340 0.959875 0.700365 0.962059 0.698340 0.959875 0.698340 0.956817 0.698340 0.956817 0.697461 0.955041 0.695558 0.956817 0.695004 0.955041 0.692625 0.956817 0.689290 0.956817 0.687264 0.959875 0.687264 0.959875 0.689290 0.956817 0.689290 0.962059 0.687264 0.959875 0.689290 0.962059 0.689290 0.962667 0.687264 0.964557 0.687264 0.959875 0.689290 0.962667 0.687264 0.964557 
						0.689290 0.962667 0.689290 0.965117 0.692623 0.966893 0.695007 0.965117 0.698340 0.966893 0.700365 0.972137 0.700365 0.972137 0.698340 0.975193 0.698340 0.969949 0.698340 0.966893 0.700365 0.972137 0.698340 0.969949 
					</float_array>
					<technique_common>
						<accessor count="396" offset="0" source="#meshId0-tex0-array" stride="2">
							<param name="S" type="float" />
							<param name="T" type="float" />
						</accessor>
					</technique_common>
				</source>
				<vertices id="meshId0-vertices">
					<input semantic="POSITION" source="#meshId0-positions" />
				</vertices>
				<polylist count="336" material="defaultMaterial">
					<input offset="0" semantic="VERTEX" source="#meshId0-vertices" />
					<input offset="0" semantic="NORMAL" source="#meshId0-normals" />
					<input offset="0" semantic="TANGENT" source="#meshId0-tangents" />
					<input offset="0" semantic="BINORMAL" source="#meshId0-bitangents" />
					<input offset="0" semantic="TEXCOORD" source="#meshId0-tex0" set="0" />
					<vcount>
						3 3 3 3 3 3 3 3 3 3 3 3 3 3 3 3 3 3 3 3 3 3 3 3 3 3 3 3 3 3 3 3 3 3 3 3 3 3 3 3 3 3 3 3 3 3 3 3 3 3 3 3 3 3 3 3 3 3 3 3 3 3 3 3 
						3 3 3 3 3 3 3 3 3 3 3 3 3 3 3 3 3 3 3 3 3 3 3 3 3 3 3 3 3 3 3 3 3 3 3 3 3 3 3 3 3 3 3 3 3 3 3 3 3 3 3 3 3 3 3 3 3 3 3 3 3 3 3 3 
						3 3 3 3 3 3 3 3 3 3 3 3 3 3 3 3 3 3 3 3 3 3 3 3 3 3 3 3 3 3 3 3 3 3 3 3 3 3 3 3 3 3 3 3 3 3 3 3 3 3 3 3 3 3 3 3 3 3 3 3 3 3 3 3 
						3 3 3 3 3 3 3 3 3 3 3 3 3 3 3 3 3 3 3 3 3 3 3 3 3 3 3 3 3 3 3 3 3 3 3 3 3 3 3 3 3 3 3 3 3 3 3 3 3 3 3 3 3 3 3 3 3 3 3 3 3 3 3 3 
						3 3 3 3 3 3 3 3 3 3 3 3 3 3 3 3 3 3 3 3 3 3 3 3 3 3 3 3 3 3 3 3 3 3 3 3 3 3 3 3 3 3 3 3 3 3 3 3 3 3 3 3 3 3 3 3 3 3 3 3 3 3 3 3 
						3 3 3 3 3 3 3 3 3 3 3 3 3 3 3 3 
					</vcount>
					<p>
						0 1 2 2 3 0 4 5 6 6 7 4 8 9 10 10 11 8 12 13 14 14 15 16 12 14 16 17 18 15 15 14 17 19 20 21 21 22 23 19 21 23 24 25 22 22 21 24 26 27 3 3 2 26 28 29 27 27 26 28 30 31 1 1 0 30 32 33 31 31 30 32 34 35 36 36 37 34 38 39 35 35 34 38 40 41 42 42 43 40 44 45 41 41 40 44 46 47 48 48 49 46 50 51 47 47 46 50 52 53 54 54 55 52 56 57 53 53 52 56 58 59 60 60 61 58 62 63 64 64 65 62 7 6 43 43 42 7 5 4 37 37 36 5 66 67 68 68 69 70 70 71 72 68 70 72 72 73 74 74 75 76 72 74 76 68 72 76 66 68 76 66 76 77 78 79 80 80 81 82 82 83 84 80 82 84 84 85 86 86 87 88 
						84 86 88 80 84 88 78 80 88 78 88 89 11 10 55 55 54 11 9 8 49 49 48 9 90 91 68 68 81 90 92 90 81 81 80 92 93 92 80 80 69 93 91 93 69 69 68 91 94 95 96 96 97 94 98 99 100 98 100 101 98 101 102 98 102 103 104 105 106 106 107 104 108 109 110 108 110 111 108 111 112 108 112 113 114 115 116 116 117 114 118 114 117 117 119 118 120 118 119 119 121 120 122 120 121 121 123 122 124 122 123 123 125 124 126 124 125 125 127 126 128 126 127 127 129 128 130 128 129 129 131 130 132 130 131 131 133 132 134 132 133 133 135 134 136 134 135 135 137 136 137 138 139 137 139 60 137 60 59 137 59 136 140 139 138 138 141 140 142 140 141 141 143 142 144 142 143 143 145 144 146 144 145 145 147 146 148 146 147 147 149 148 
						150 148 149 149 151 150 152 150 151 151 153 152 154 152 153 153 155 154 156 154 155 155 157 156 158 156 157 157 159 158 160 158 159 159 161 160 162 116 115 63 160 161 64 63 161 115 64 161 115 161 163 162 115 163 62 61 148 148 150 62 58 65 124 124 126 58 146 148 61 61 60 139 146 61 139 139 140 142 146 139 142 146 142 144 134 136 59 59 58 126 126 128 130 59 126 130 134 59 130 134 130 132 122 124 65 65 64 115 122 65 115 115 114 118 122 115 118 122 118 120 158 160 63 63 62 150 150 152 154 63 150 154 158 63 154 158 154 156 164 165 166 166 167 164 168 169 170 168 170 164 168 164 167 168 167 171 172 173 174 174 175 172 176 172 175 175 177 176 178 176 177 177 179 178 173 178 179 179 174 173 180 181 182 182 183 180 184 185 186 186 187 184 
						188 189 190 190 191 188 192 193 194 194 195 192 196 197 198 199 200 201 202 203 204 204 205 202 197 202 205 206 207 208 209 210 211 212 213 214 215 216 217 218 209 219 220 218 219 221 220 219 221 219 222 223 221 222 223 222 224 225 223 224 225 224 226 227 228 196 210 227 196 211 210 196 229 211 196 230 229 196 230 196 231 232 230 231 232 231 204 233 234 235 236 237 238 239 240 241 242 243 238 244 245 246 204 247 248 204 248 249 250 251 252 246 253 254 255 247 256 257 258 259 260 255 261 260 261 262 260 262 263 264 260 263 264 263 265 264 265 266 267 264 266 204 267 266 250 268 269 204 270 271 272 273 274 275 271 276 277 275 276 278 277 276 278 276 279 256 247 204 280 256 204 281 280 204 196 282 283 196 283 284 196 284 285 286 287 288 289 290 291 292 289 291 
						292 291 293 294 292 293 294 293 295 296 297 298 286 299 300 301 302 303 304 305 306 304 306 307 308 304 307 308 307 309 310 311 312 196 309 313 310 314 315 296 316 317 196 318 319 203 196 319 320 321 322 323 324 325 204 203 326 204 326 327 204 327 328 281 204 328 329 281 328 330 331 332 333 329 334 333 334 335 336 318 337 336 337 338 339 336 338 339 338 340 335 339 340 335 340 341 306 305 342 306 342 343 344 345 346 344 346 347 348 349 350 351 352 347 341 353 354 335 341 354 333 335 354 355 333 354 355 354 356 355 356 357 262 355 357 263 262 357 358 263 357 358 357 359 279 358 360 279 359 361 278 279 361 362 291 290 362 290 363 364 365 366 305 362 367 342 305 367 368 342 367 368 367 369 370 368 369 370 369 371 361 370 371 361 371 372 278 361 372 373 278 372 
						374 375 376 377 378 379 380 381 382 383 384 385 220 383 385 218 220 385 386 218 385 386 385 387 388 386 387 388 387 290 388 290 289 388 289 389 282 196 228 389 282 228 390 391 392 393 394 395 
					</p>
				</polylist>
			</mesh>
		</geometry>
		<geometry id="meshId1" name="meshId1_name" >
			<mesh>
				<source id="meshId1-positions" name="meshId1-positions">
					<float_array id="meshId1-positions-array" count="210"> 
						24.459181 -9.636574 -6.096874 24.459177 -6.715651 -6.096874 64.813744 -6.715651 -6.096874 64.813744 -9.636574 -6.096878 -15.895369 -6.715654 -6.096870 -15.895369 -9.636574 -6.096870 -56.249928 -9.636574 -6.096870 -56.249928 -6.715654 -6.096870 24.459179 -12.274277 -6.096874 64.813744 -12.274277 -6.096878 64.813744 -15.454329 -1.250008 24.459187 -15.454329 -1.250004 24.459177 -6.715651 -6.096874 24.459181 -9.636574 -6.096874 24.459188 -9.746458 -1.250004 24.459185 -3.425722 -1.250004 64.813744 -6.715651 -6.096874 24.459177 -6.715651 -6.096874 24.459185 -3.425722 -1.250004 64.813751 -3.425718 -1.250008 64.813744 -9.636574 -6.096878 64.813744 -6.715651 -6.096874 64.813751 -3.425718 -1.250008 64.813751 -9.746458 -1.250008 -56.249928 -6.715654 -6.096870 -56.249928 -9.636574 -6.096870 -56.249931 -9.746468 -1.250000 -56.249931 -3.425726 -1.250000 -56.249928 -12.274281 -6.096870 -15.895369 -12.274281 -6.096870 -15.895369 -15.454329 -1.250004 -56.249928 -15.454332 -1.250000 24.459187 -15.454329 -1.250004 64.813744 -15.454329 -1.250008 64.813751 -9.746458 -1.250008 24.459188 -9.746458 -1.250004 24.459179 -12.274277 -6.096874 24.459187 -15.454329 -1.250004 64.813744 -12.274277 -6.096878 24.459179 -12.274277 -6.096874 64.813744 -15.454329 -1.250008 64.813744 -12.274277 -6.096878 -56.249928 -15.454332 -1.250000 -15.895369 -15.454329 -1.250004 -15.895372 -9.746462 -1.250000 -56.249931 -9.746468 -1.250000 -56.249928 -12.274281 -6.096870 -56.249928 -15.454332 -1.250000 -15.895369 -12.274281 -6.096870 -56.249928 -12.274281 -6.096870 -15.895369 -6.715654 -6.096870 -56.249928 -6.715654 -6.096870 -56.249931 -3.425726 -1.250000 -15.736961 -3.425722 -1.250000 -15.895372 -9.746462 -1.250000 -15.895369 -9.636574 -6.096870 -15.895369 -6.715654 -6.096870 -15.895369 -6.715654 -6.096870 -15.736961 -3.425722 -1.250000 -15.895372 -9.746462 -1.250000 -15.895369 -12.274281 -6.096870 -15.895369 -15.454329 -1.250004 25.735281 -0.554546 22.390553 25.735582 -0.556190 45.629112 
						68.729637 -0.556149 45.629105 68.728622 -0.554543 22.390545 -17.258465 -0.556236 45.629120 -17.258064 -0.554550 22.390556 -60.251419 -0.554554 22.390562 -60.252510 -0.556278 45.629128 
					</float_array>
					<technique_common>
						<accessor count="70" offset="0" source="#meshId1-positions-array" stride="3">
							<param name="X" type="float" />
							<param name="Y" type="float" />
							<param name="Z" type="float" />
						</accessor>
					</technique_common>
				</source>
				<source id="meshId1-normals" name="meshId1-normals">
					<float_array id="meshId1-normals-array" count="210"> 
						-0.000000 0.000000 -1.000000 -0.000000 -0.000000 -1.000000 -0.000000 0.000000 -1.000000 -0.000000 -0.000000 -1.000000 -0.000000 0.000001 -1.000000 -0.000000 0.000000 -1.000000 -0.000000 -0.000000 -1.000000 -0.000000 0.000000 -1.000000 -0.000000 -0.836104 -0.548571 -0.000000 -0.836104 -0.548571 -0.000000 -0.836104 -0.548571 -0.000000 -0.836104 -0.548571 -1.000000 -0.000001 0.000002 -1.000000 -0.000000 0.000002 -1.000000 -0.000000 0.000002 -1.000000 -0.000001 0.000002 -0.000000 0.827398 -0.561617 -0.000000 0.827398 -0.561616 -0.000000 0.827398 -0.561616 -0.000000 0.827398 -0.561617 1.000000 -0.000000 -0.000003 1.000000 0.000000 -0.000003 1.000000 0.000000 -0.000003 1.000000 -0.000001 -0.000003 -1.000000 0.000000 -0.000001 -1.000000 -0.000000 -0.000001 -1.000000 -0.000000 -0.000001 -1.000000 0.000000 -0.000001 -0.000000 -0.836104 -0.548571 -0.000000 -0.836104 -0.548571 -0.000000 -0.836104 -0.548571 -0.000000 -0.836104 -0.548571 0.000000 0.000000 1.000000 0.000000 0.000000 1.000000 0.000000 0.000000 1.000000 0.000000 0.000000 1.000000 -1.000000 0.000001 0.000002 -1.000000 0.000000 0.000002 -0.000000 -0.000000 -1.000000 -0.000000 0.000000 -1.000000 1.000000 -0.000001 -0.000003 1.000000 -0.000000 -0.000002 0.000000 0.000000 1.000000 0.000000 0.000000 1.000000 0.000000 0.000000 1.000000 0.000000 0.000000 1.000000 -1.000000 -0.000000 -0.000001 -1.000000 -0.000001 -0.000000 -0.000000 -0.000000 -1.000000 -0.000000 -0.000000 -1.000000 -0.000000 0.827398 -0.561616 -0.000000 0.827398 -0.561616 -0.000000 0.827398 -0.561616 -0.000000 0.827398 -0.561616 1.000000 -0.000000 0.000000 1.000000 -0.000000 0.000000 1.000000 -0.000000 0.000000 0.999564 -0.025051 -0.015664 0.999564 -0.025051 -0.015664 0.999564 -0.025051 -0.015664 1.000000 0.000000 0.000000 1.000000 0.000000 0.000000 -0.000001 1.000000 0.000070 -0.000001 1.000000 0.000071 
						-0.000000 1.000000 0.000069 -0.000000 1.000000 0.000069 -0.000000 1.000000 0.000073 -0.000000 1.000000 0.000072 -0.000001 1.000000 0.000074 -0.000001 1.000000 0.000074 
					</float_array>
					<technique_common>
						<accessor count="70" offset="0" source="#meshId1-normals-array" stride="3">
							<param name="X" type="float" />
							<param name="Y" type="float" />
							<param name="Z" type="float" />
						</accessor>
					</technique_common>
				</source>
				<source id="meshId1-tangents" name="meshId1-tangents">
					<float_array id="meshId1-tangents-array" count="210"> 
						1.000000 -0.000000 -0.000000 1.000000 -0.000000 -0.000000 1.000000 -0.000000 -0.000000 1.000000 -0.000000 -0.000000 1.000000 0.000000 -0.000000 1.000000 0.000000 -0.000000 1.000000 -0.000000 -0.000000 1.000000 0.000000 -0.000000 1.000000 0.000000 -0.000000 1.000000 -0.000000 0.000001 1.000000 -0.000000 0.000000 1.000000 0.000000 -0.000000 -0.000001 -0.000002 -1.000000 -0.000001 -0.000001 -1.000000 -0.000001 -0.000002 -1.000000 -0.000002 -0.000002 -1.000000 -1.000000 -0.000000 0.000000 -1.000000 -0.000000 0.000000 -1.000000 -0.000000 0.000000 -1.000000 -0.000000 0.000000 -0.000002 0.000003 -1.000000 -0.000003 -0.000001 -1.000000 -0.000003 0.000001 -1.000000 -0.000003 0.000002 -1.000000 0.000001 -0.000002 -1.000000 0.000001 0.000000 -1.000000 0.000001 -0.000001 -1.000000 0.000001 -0.000003 -1.000000 1.000000 0.000000 -0.000000 1.000000 -0.000000 -0.000000 1.000000 -0.000000 -0.000000 1.000000 0.000000 -0.000000 1.000000 -0.000000 -0.000000 1.000000 -0.000000 -0.000000 1.000000 -0.000000 -0.000000 1.000000 -0.000000 -0.000000 -0.000001 -0.000001 -1.000000 -0.000002 -0.000001 -1.000000 1.000000 -0.000000 -0.000000 1.000000 -0.000000 -0.000000 -0.000002 0.000005 -1.000000 -0.000001 0.000010 -1.000000 1.000000 0.000000 -0.000000 1.000000 0.000000 -0.000000 1.000000 0.000000 -0.000000 1.000000 0.000000 -0.000000 0.000001 0.000001 -1.000000 0.000000 0.000001 -1.000000 1.000000 -0.000000 -0.000000 1.000000 -0.000000 -0.000000 -1.000000 -0.000001 -0.000001 -1.000000 -0.000001 -0.000001 -1.000000 -0.000001 -0.000001 -1.000000 -0.000001 -0.000001 0.000000 -0.000003 -1.000000 0.000000 -0.000003 -1.000000 0.000000 -0.000003 -1.000000 -0.013180 0.000003 -0.999913 -0.013180 0.000003 -0.999913 -0.013180 0.000003 -0.999913 0.000000 -0.000002 -1.000000 0.000000 0.000005 -1.000000 -1.000000 -0.000001 0.000000 -1.000000 -0.000001 0.000000 
						-1.000000 -0.000000 0.000000 -1.000000 -0.000000 0.000000 -1.000000 -0.000000 -0.000000 -1.000000 -0.000000 -0.000000 -1.000000 -0.000001 -0.000000 -1.000000 -0.000001 -0.000000 
					</float_array>
					<technique_common>
						<accessor count="70" offset="0" source="#meshId1-tangents-array" stride="3">
							<param name="X" type="float" />
							<param name="Y" type="float" />
							<param name="Z" type="float" />
						</accessor>
					</technique_common>
				</source>
				<source id="meshId1-bitangents" name="meshId1-bitangents">
					<float_array id="meshId1-bitangents-array" count="210"> 
						-0.000000 -1.000000 -0.000000 0.000000 -1.000000 0.000000 -0.000000 -1.000000 -0.000000 -0.000000 -1.000000 0.000000 0.000000 -1.000000 -0.000001 0.000000 -1.000000 -0.000000 0.000000 -1.000000 0.000000 0.000000 -1.000000 -0.000000 0.000000 -0.483162 0.875531 -0.000001 -0.483162 0.875531 -0.000000 -0.483162 0.875531 0.000000 -0.483162 0.875531 0.000001 -1.000000 0.000002 0.000000 -1.000000 0.000002 0.000000 -1.000000 0.000002 0.000001 -1.000000 0.000002 0.000000 0.495805 0.868434 -0.000000 0.495805 0.868434 0.000000 0.495805 0.868434 0.000000 0.495805 0.868434 0.000000 1.000000 0.000004 -0.000000 1.000000 -0.000001 0.000000 1.000000 0.000002 0.000001 1.000000 0.000003 -0.000000 -1.000000 0.000002 0.000000 -1.000000 -0.000000 0.000000 -1.000000 0.000001 -0.000000 -1.000000 0.000004 0.000000 -0.483162 0.875531 -0.000000 -0.483162 0.875531 0.000000 -0.483162 0.875531 0.000000 -0.483162 0.875531 0.000000 1.000000 -0.000000 0.000000 1.000000 -0.000000 0.000000 1.000000 -0.000000 0.000000 1.000000 -0.000000 -0.000001 -1.000000 0.000002 -0.000000 -1.000000 0.000001 0.000000 -1.000000 0.000000 -0.000000 -1.000000 -0.000000 0.000001 1.000000 0.000005 0.000000 1.000000 0.000012 -0.000000 1.000000 -0.000000 -0.000000 1.000000 -0.000000 -0.000000 1.000000 -0.000000 -0.000000 1.000000 -0.000000 0.000000 -1.000000 -0.000001 0.000001 -1.000000 -0.000002 0.000000 -1.000000 0.000000 0.000000 -1.000000 0.000000 -0.000001 0.495805 0.868434 -0.000001 0.495805 0.868434 -0.000001 0.495805 0.868434 -0.000001 0.495805 0.868434 0.000000 1.000000 -0.000003 0.000000 1.000000 -0.000003 0.000000 1.000000 -0.000003 0.025049 0.999686 -0.000389 0.025049 0.999686 -0.000389 0.025049 0.999686 -0.000389 0.000000 1.000000 -0.000003 -0.000000 1.000000 0.000005 0.000000 -0.000059 1.000000 0.000000 -0.000059 1.000000 
						0.000000 -0.000058 1.000000 0.000000 -0.000058 1.000000 -0.000000 -0.000061 1.000000 -0.000000 -0.000061 1.000000 -0.000000 -0.000062 1.000000 -0.000000 -0.000062 1.000000 
					</float_array>
					<technique_common>
						<accessor count="70" offset="0" source="#meshId1-bitangents-array" stride="3">
							<param name="X" type="float" />
							<param name="Y" type="float" />
							<param name="Z" type="float" />
						</accessor>
					</technique_common>
				</source>
				<source id="meshId1-tex0" name="meshId1-tex0">
					<float_array id="meshId1-tex0-array" count="140"> 
						0.873745 0.637693 0.873745 0.629612 0.985395 0.629612 0.985395 0.637693 0.985395 0.601443 0.985395 0.609524 0.873745 0.609524 0.873745 0.601443 0.437122 0.977032 0.551120 0.977032 0.551120 0.990724 0.437122 0.990724 0.981052 0.957965 0.981052 0.966046 0.967642 0.966350 0.967642 0.948863 0.437122 0.939473 0.551270 0.939473 0.551270 0.953183 0.437122 0.953183 0.774478 0.105799 0.774478 0.113880 0.761068 0.122982 0.761068 0.105495 0.408279 0.939186 0.408279 0.947267 0.394869 0.947571 0.394869 0.930083 0.437122 0.958252 0.551120 0.958252 0.551120 0.971944 0.437122 0.971944 0.873745 0.685950 0.985395 0.685950 0.985395 0.701743 0.873745 0.701743 0.981052 0.973344 0.967642 0.982143 0.985395 0.644991 0.873745 0.644991 0.761068 0.089702 0.774478 0.098501 0.873745 0.657781 0.985395 0.657781 0.985395 0.673573 0.873745 0.673573 0.408279 0.954565 0.394869 0.963363 0.985395 0.616822 0.873745 0.616822 0.437570 0.920694 0.551713 0.920694 0.551713 0.934403 0.437122 0.934403 0.371394 0.945877 0.384806 0.946181 0.384806 0.954263 0.384806 0.954263 0.371394 0.963367 0.371394 0.945877 0.384806 0.938883 0.371394 0.930083 0.119454 0.211769 0.119453 0.276064 
						0.000500 0.276064 0.000503 0.211769 0.238406 0.276064 0.238405 0.211769 0.357356 0.211769 0.357359 0.276064 
					</float_array>
					<technique_common>
						<accessor count="70" offset="0" source="#meshId1-tex0-array" stride="2">
							<param name="S" type="float" />
							<param name="T" type="float" />
						</accessor>
					</technique_common>
				</source>
				<vertices id="meshId1-vertices">
					<input semantic="POSITION" source="#meshId1-positions" />
				</vertices>
				<polylist count="40" material="defaultMaterial">
					<input offset="0" semantic="VERTEX" source="#meshId1-vertices" />
					<input offset="0" semantic="NORMAL" source="#meshId1-normals" />
					<input offset="0" semantic="TANGENT" source="#meshId1-tangents" />
					<input offset="0" semantic="BINORMAL" source="#meshId1-bitangents" />
					<input offset="0" semantic="TEXCOORD" source="#meshId1-tex0" set="0" />
					<vcount>
						3 3 3 3 3 3 3 3 3 3 3 3 3 3 3 3 3 3 3 3 3 3 3 3 3 3 3 3 3 3 3 3 3 3 3 3 3 3 3 3 
					</vcount>
					<p>
						0 1 2 2 3 0 4 5 6 6 7 4 8 9 10 10 11 8 12 13 14 14 15 12 16 17 18 18 19 16 20 21 22 22 23 20 24 25 26 26 27 24 28 29 30 30 31 28 32 33 34 34 35 32 36 37 14 14 13 36 38 39 0 0 3 38 40 41 20 20 23 40 42 43 44 44 45 42 46 47 26 26 25 46 48 49 6 6 5 48 50 51 52 52 53 50 54 55 56 57 58 59 60 55 54 54 61 60 62 63 64 64 65 62 66 67 68 68 69 66 
					</p>
				</polylist>
			</mesh>
		</geometry>
		<geometry id="meshId2" name="meshId2_name" >
			<mesh>
				<source id="meshId2-positions" name="meshId2-positions">
					<float_array id="meshId2-positions-array" count="12"> 
						-14.139952 1.630554 25.390556 -14.140099 1.629299 42.629120 4.194378 1.629341 42.629112 4.194269 1.630554 25.390553 
					</float_array>
					<technique_common>
						<accessor count="4" offset="0" source="#meshId2-positions-array" stride="3">
							<param name="X" type="float" />
							<param name="Y" type="float" />
							<param name="Z" type="float" />
						</accessor>
					</technique_common>
				</source>
				<source id="meshId2-normals" name="meshId2-normals">
					<float_array id="meshId2-normals-array" count="12"> 
						-0.000001 1.000000 0.000072 -0.000002 1.000000 0.000073 -0.000001 1.000000 0.000071 0.000000 1.000000 0.000070 
					</float_array>
					<technique_common>
						<accessor count="4" offset="0" source="#meshId2-normals-array" stride="3">
							<param name="X" type="float" />
							<param name="Y" type="float" />
							<param name="Z" type="float" />
						</accessor>
					</technique_common>
				</source>
				<source id="meshId2-tangents" name="meshId2-tangents">
					<float_array id="meshId2-tangents-array" count="12"> 
						-1.000000 -0.000001 0.000000 -1.000000 -0.000002 0.000001 -1.000000 -0.000001 0.000000 -1.000000 0.000000 0.000000 
					</float_array>
					<technique_common>
						<accessor count="4" offset="0" source="#meshId2-tangents-array" stride="3">
							<param name="X" type="float" />
							<param name="Y" type="float" />
							<param name="Z" type="float" />
						</accessor>
					</technique_common>
				</source>
				<source id="meshId2-bitangents" name="meshId2-bitangents">
					<float_array id="meshId2-bitangents-array" count="12"> 
						0.000000 -0.000060 1.000000 0.000001 -0.000061 1.000000 0.000000 -0.000060 1.000000 0.000000 -0.000059 1.000000 
					</float_array>
					<technique_common>
						<accessor count="4" offset="0" source="#meshId2-bitangents-array" stride="3">
							<param name="X" type="float" />
							<param name="Y" type="float" />
							<param name="Z" type="float" />
						</accessor>
					</technique_common>
				</source>
				<source id="meshId2-tex0" name="meshId2-tex0">
					<float_array id="meshId2-tex0-array" count="8"> 
						0.771962 0.932850 0.771963 0.980545 0.721236 0.980545 0.721236 0.932850 
					</float_array>
					<technique_common>
						<accessor count="4" offset="0" source="#meshId2-tex0-array" stride="2">
							<param name="S" type="float" />
							<param name="T" type="float" />
						</accessor>
					</technique_common>
				</source>
				<vertices id="meshId2-vertices">
					<input semantic="POSITION" source="#meshId2-positions" />
				</vertices>
				<polylist count="2" material="defaultMaterial">
					<input offset="0" semantic="VERTEX" source="#meshId2-vertices" />
					<input offset="0" semantic="NORMAL" source="#meshId2-normals" />
					<input offset="0" semantic="TANGENT" source="#meshId2-tangents" />
					<input offset="0" semantic="BINORMAL" source="#meshId2-bitangents" />
					<input offset="0" semantic="TEXCOORD" source="#meshId2-tex0" set="0" />
					<vcount>
						3 3 
					</vcount>
					<p>
						0 1 2 2 3 0 
					</p>
				</polylist>
			</mesh>
		</geometry>
		<geometry id="meshId3" name="meshId3_name" >
			<mesh>
				<source id="meshId3-positions" name="meshId3-positions">
					<float_array id="meshId3-positions-array" count="156"> 
						56.692101 -15.559237 10.865067 56.692108 -15.560825 56.496758 -47.993645 -15.561020 56.490089 -47.993633 -15.559311 10.871592 57.567108 -15.435856 57.371815 -48.868641 -15.436054 57.365036 58.192108 -15.060877 57.996853 -49.493645 -15.061077 57.989998 -48.868633 -15.434282 9.996647 -49.493633 -15.059259 9.371685 57.567097 -15.434202 9.990013 58.192097 -15.059179 9.364973 -49.868641 -14.436090 58.364967 58.567108 -14.435888 58.371876 58.692112 -13.560894 58.496880 -49.993645 -13.561094 58.489960 -49.493645 -15.061077 57.989998 58.192108 -15.060877 57.996853 -49.868633 -14.434246 8.996706 -49.868641 -14.436090 58.364967 -49.993645 -13.561094 58.489960 -49.993637 -13.559240 8.871716 -49.493633 -15.059259 9.371685 -49.493645 -15.061077 57.989998 58.567104 -14.434164 8.989948 -49.868633 -14.434246 8.996706 -49.993637 -13.559240 8.871716 58.692108 -13.559156 8.864939 58.192097 -15.059179 9.364973 -49.493633 -15.059259 9.371685 58.567108 -14.435888 58.371876 58.567104 -14.434164 8.989948 58.692108 -13.559156 8.864939 58.692112 -13.560894 58.496880 58.192108 -15.060877 57.996853 58.192097 -15.059179 9.364973 -49.993649 -10.004070 58.489967 -49.993641 -10.002220 8.871716 -49.993637 -13.559240 8.871716 -49.993645 -13.561094 58.489960 58.692108 -10.002132 8.864939 58.692116 -10.003870 58.496880 58.692112 -13.560894 58.496880 58.692108 -13.559156 8.864939 58.692116 -10.003870 58.496880 -49.993649 -10.004070 58.489967 -49.993645 -13.561094 58.489960 58.692112 -13.560894 58.496880 -49.993641 -10.002220 8.871716 58.692108 -10.002132 8.864939 58.692108 -13.559156 8.864939 -49.993637 -13.559240 8.871716 
					</float_array>
					<technique_common>
						<accessor count="52" offset="0" source="#meshId3-positions-array" stride="3">
							<param name="X" type="float" />
							<param name="Y" type="float" />
							<param name="Z" type="float" />
						</accessor>
					</technique_common>
				</source>
				<source id="meshId3-normals" name="meshId3-normals">
					<float_array id="meshId3-normals-array" count="156"> 
						0.053254 -0.997158 -0.053292 0.053254 -0.997162 0.053221 -0.053257 -0.997162 0.053218 -0.053257 -0.997158 -0.053291 0.222704 -0.949112 0.222689 -0.222724 -0.949108 0.222682 0.463301 -0.755441 0.463315 -0.463341 -0.755428 0.463296 -0.222725 -0.949094 -0.222742 -0.463340 -0.755408 -0.463330 0.222705 -0.949097 -0.222748 0.463300 -0.755422 -0.463347 -0.648991 -0.397087 0.648948 0.648946 -0.397101 0.648984 0.693090 -0.198039 0.693114 -0.693137 -0.198027 0.693070 -0.463341 -0.755428 0.463296 0.463301 -0.755441 0.463315 -0.648989 -0.397074 -0.648957 -0.648991 -0.397087 0.648948 -0.693137 -0.198027 0.693070 -0.693114 -0.198026 -0.693094 -0.463340 -0.755408 -0.463330 -0.463341 -0.755428 0.463296 0.648945 -0.397087 -0.648993 -0.648989 -0.397074 -0.648957 -0.693114 -0.198026 -0.693094 0.693071 -0.198035 -0.693134 0.463300 -0.755422 -0.463347 -0.463340 -0.755408 -0.463330 0.648946 -0.397101 0.648984 0.648945 -0.397087 -0.648993 0.693071 -0.198035 -0.693134 0.693090 -0.198039 0.693114 0.463301 -0.755441 0.463315 0.463300 -0.755422 -0.463347 -1.000000 -0.000001 -0.000000 -1.000000 -0.000001 -0.000000 -1.000000 -0.000001 -0.000000 -1.000000 -0.000001 -0.000000 1.000000 -0.000001 -0.000000 1.000000 -0.000001 -0.000000 1.000000 -0.000001 -0.000000 1.000000 -0.000001 -0.000000 -0.000064 -0.000000 1.000000 -0.000064 -0.000000 1.000000 -0.000064 -0.000000 1.000000 -0.000064 0.000001 1.000000 -0.000062 -0.000000 -1.000000 -0.000062 -0.000000 -1.000000 -0.000062 -0.000000 -1.000000 -0.000062 -0.000000 -1.000000 
					</float_array>
					<technique_common>
						<accessor count="52" offset="0" source="#meshId3-normals-array" stride="3">
							<param name="X" type="float" />
							<param name="Y" type="float" />
							<param name="Z" type="float" />
						</accessor>
					</technique_common>
				</source>
				<source id="meshId3-tangents" name="meshId3-tangents">
					<float_array id="meshId3-tangents-array" count="156"> 
						0.998577 0.053332 -0.000047 0.998577 0.053332 0.000056 0.998577 -0.053335 -0.000055 0.998577 -0.053335 0.000054 0.973631 0.228121 -0.001707 0.973627 -0.228141 0.001706 0.874143 0.466619 -0.134689 0.874119 -0.466663 0.134688 0.973626 -0.228144 -0.001710 0.874119 -0.466659 -0.134705 0.973631 0.228123 0.001719 0.874142 0.466613 0.134713 0.719745 -0.362303 0.592202 0.719790 0.362362 -0.592111 0.663686 0.205529 -0.719221 0.663636 -0.205486 0.719279 0.877474 -0.408821 0.250810 0.877500 0.408851 -0.250667 0.497246 0.304224 -0.812523 -0.497227 -0.304238 -0.812530 -0.604603 -0.172736 -0.777571 0.604628 0.172743 -0.777551 0.210489 0.343137 -0.915397 -0.210438 -0.343132 -0.915410 0.719790 0.362349 0.592120 0.719746 -0.362292 -0.592208 0.663660 -0.205473 -0.719261 0.663704 0.205515 0.719208 0.877499 0.408842 0.250685 0.877473 -0.408811 -0.250827 0.497244 -0.304279 -0.812504 -0.497263 0.304266 -0.812497 -0.604663 0.172772 -0.777517 0.604642 -0.172768 -0.777534 0.210433 -0.343156 -0.915402 -0.210481 0.343162 -0.915390 0.000000 -0.000000 -1.000000 0.000000 -0.000000 -1.000000 0.000000 -0.000000 -1.000000 0.000000 0.000000 -1.000000 -0.000000 -0.000000 -1.000000 -0.000000 -0.000000 -1.000000 -0.000000 -0.000000 -1.000000 -0.000000 0.000001 -1.000000 1.000000 -0.000000 0.000076 1.000000 -0.000000 0.000076 1.000000 -0.000000 0.000076 1.000000 0.000000 0.000076 1.000000 -0.000000 -0.000074 1.000000 -0.000000 -0.000074 1.000000 -0.000000 -0.000074 1.000000 0.000000 -0.000074 
					</float_array>
					<technique_common>
						<accessor count="52" offset="0" source="#meshId3-tangents-array" stride="3">
							<param name="X" type="float" />
							<param name="Y" type="float" />
							<param name="Z" type="float" />
						</accessor>
					</technique_common>
				</source>
				<source id="meshId3-bitangents" name="meshId3-bitangents">
					<float_array id="meshId3-bitangents-array" count="156"> 
						0.002431 -0.044776 0.998994 -0.002435 0.044716 0.998997 0.002434 0.044714 0.998997 -0.002437 -0.044775 0.998994 -0.041669 0.184024 0.982038 0.041672 0.184018 0.982039 -0.099699 0.407190 0.907886 0.099710 0.407169 0.907894 -0.041681 -0.184069 0.982029 -0.099714 -0.407204 0.907878 0.041671 -0.184076 0.982028 0.099696 -0.407226 0.907870 -0.000037 0.808674 0.588257 -0.000037 0.808637 0.588308 -0.000021 0.946851 0.321672 -0.000021 0.946866 0.321629 -0.000056 0.458466 0.888712 -0.000055 0.458421 0.888735 0.521896 -0.853009 0.000006 0.521914 -0.852998 0.000006 0.274707 -0.961528 0.000002 0.274711 -0.961527 0.000001 0.852422 -0.522854 0.000019 0.852436 -0.522831 0.000020 0.000037 -0.808651 0.588289 0.000036 -0.808686 0.588241 0.000020 -0.946870 0.321617 0.000020 -0.946856 0.321657 0.000055 -0.458456 0.888717 0.000055 -0.458502 0.888694 0.521954 0.852974 -0.000005 0.521934 0.852986 -0.000006 0.274739 0.961519 -0.000001 0.274739 0.961519 -0.000001 0.852460 0.522792 -0.000018 0.852446 0.522815 -0.000018 0.000001 -1.000000 0.000000 0.000001 -1.000000 0.000000 0.000001 -1.000000 0.000000 0.000001 -1.000000 -0.000000 0.000001 1.000000 -0.000001 0.000001 1.000000 -0.000001 0.000001 1.000000 -0.000001 0.000001 1.000000 0.000001 0.000000 1.000000 0.000000 0.000000 1.000000 0.000000 0.000000 1.000000 0.000000 -0.000000 1.000000 -0.000001 -0.000000 -1.000000 0.000000 -0.000000 -1.000000 0.000000 -0.000000 -1.000000 0.000000 0.000000 -1.000000 0.000000 
					</float_array>
					<technique_common>
						<accessor count="52" offset="0" source="#meshId3-bitangents-array" stride="3">
							<param name="X" type="float" />
							<param name="Y" type="float" />
							<param name="Z" type="float" />
						</accessor>
					</technique_common>
				</source>
				<source id="meshId3-tex0" name="meshId3-tex0">
					<float_array id="meshId3-tex0-array" count="104"> 
						0.665308 0.478833 0.665308 0.605138 0.375546 0.605120 0.375546 0.478852 0.667730 0.607560 0.373124 0.607542 0.669460 0.609290 0.371394 0.609271 0.373124 0.476430 0.371394 0.474700 0.667730 0.476411 0.669460 0.474681 0.371740 0.438852 0.671844 0.438853 0.672190 0.441274 0.371394 0.441274 0.372778 0.437122 0.670806 0.437123 0.982599 0.590239 0.845922 0.590244 0.845576 0.587821 0.982946 0.587816 0.981561 0.591969 0.846960 0.591974 0.671844 0.468168 0.371740 0.468168 0.371394 0.465746 0.672190 0.465746 0.670806 0.469898 0.372778 0.469898 0.845922 0.560919 0.982637 0.560924 0.982983 0.563346 0.845576 0.563342 0.846960 0.559189 0.981599 0.559194 0.845576 0.577974 0.982946 0.577968 0.982946 0.587816 0.845576 0.587821 0.982983 0.573194 0.845576 0.573189 0.845576 0.563342 0.982983 0.563346 0.672190 0.451119 0.371394 0.451118 0.371394 0.441274 0.672190 0.441274 0.371394 0.455902 0.672190 0.455902 0.672190 0.465746 0.371394 0.465746 
					</float_array>
					<technique_common>
						<accessor count="52" offset="0" source="#meshId3-tex0-array" stride="2">
							<param name="S" type="float" />
							<param name="T" type="float" />
						</accessor>
					</technique_common>
				</source>
				<vertices id="meshId3-vertices">
					<input semantic="POSITION" source="#meshId3-positions" />
				</vertices>
				<polylist count="42" material="defaultMaterial">
					<input offset="0" semantic="VERTEX" source="#meshId3-vertices" />
					<input offset="0" semantic="NORMAL" source="#meshId3-normals" />
					<input offset="0" semantic="TANGENT" source="#meshId3-tangents" />
					<input offset="0" semantic="BINORMAL" source="#meshId3-bitangents" />
					<input offset="0" semantic="TEXCOORD" source="#meshId3-tex0" set="0" />
					<vcount>
						3 3 3 3 3 3 3 3 3 3 3 3 3 3 3 3 3 3 3 3 3 3 3 3 3 3 3 3 3 3 3 3 3 3 3 3 3 3 3 3 3 3 
					</vcount>
					<p>
						0 1 2 2 3 0 4 5 2 2 1 4 6 7 5 5 4 6 5 8 3 3 2 5 7 9 8 8 5 7 8 10 0 0 3 8 9 11 10 10 8 9 10 4 1 1 0 10 11 6 4 4 10 11 12 13 14 14 15 12 16 17 13 13 12 16 18 19 20 20 21 18 22 23 19 19 18 22 24 25 26 26 27 24 28 29 25 25 24 28 30 31 32 32 33 30 34 35 31 31 30 34 36 37 38 38 39 36 40 41 42 42 43 40 44 45 46 46 47 44 48 49 50 50 51 48 
					</p>
				</polylist>
			</mesh>
		</geometry>
		<geometry id="meshId4" name="meshId4_name" >
			<mesh>
				<source id="meshId4-positions" name="meshId4-positions">
					<float_array id="meshId4-positions-array" count="900"> 
						8.466668 1.630272 29.378128 8.466668 1.630245 29.769182 8.466668 2.318497 29.769182 8.466668 1.630375 27.875921 8.466668 2.318497 26.769184 8.466668 1.630459 26.769184 10.530796 1.630459 26.769184 8.466668 1.630459 26.769184 8.466668 2.318497 26.769184 11.737792 2.318497 26.769184 11.737792 1.630459 26.769184 11.737792 1.630322 28.662594 11.737792 1.630459 26.769184 11.737792 2.318497 26.769184 11.737792 2.318497 29.769182 11.737792 1.630245 29.769182 9.673027 1.630245 29.769182 11.737792 1.630245 29.769182 11.737792 2.318497 29.769182 8.466668 2.318497 29.769182 8.466668 1.630245 29.769182 8.885653 1.630245 29.769182 11.737792 2.318497 26.769184 8.466668 2.318497 26.769184 8.466668 2.318497 29.769182 11.737792 2.318497 29.769182 14.533997 1.630459 26.769184 12.469868 1.630459 26.769184 12.469868 2.318497 26.769184 15.740992 2.318497 26.769184 15.740992 1.630459 26.769184 15.740992 1.630322 28.662594 15.740992 1.630459 26.769184 15.740992 2.318497 26.769184 15.740992 2.318497 29.769182 15.740992 1.630245 29.769182 13.676228 1.630245 29.769182 15.740992 1.630245 29.769182 15.740992 2.318497 29.769182 12.469868 2.318497 29.769182 12.469868 1.630245 29.769182 15.740992 2.318497 26.769184 12.469868 2.318497 26.769184 12.469868 2.318497 29.769182 15.740992 2.318497 29.769182 12.469868 1.630379 27.875923 12.469868 1.630245 29.769182 12.469868 2.318497 29.769182 12.469868 2.318497 26.769184 12.469868 1.630459 26.769184 18.537195 1.630459 26.769184 16.473070 1.630459 26.769184 16.473070 2.318497 26.769184 19.744192 2.318497 26.769184 19.744192 1.630459 26.769184 19.744192 1.630322 28.662592 19.744192 1.630459 26.769184 19.744192 2.318497 26.769184 19.744192 2.318497 29.769182 19.744192 1.630249 29.769182 17.679434 1.630249 29.769182 19.744192 1.630249 29.769182 19.744192 2.318497 29.769182 16.473070 2.318497 29.769182 
						16.473070 1.630245 29.769182 19.744192 2.318497 26.769184 16.473070 2.318497 26.769184 16.473070 2.318497 29.769182 19.744192 2.318497 29.769182 16.473070 1.630379 27.875923 16.473070 1.630245 29.769182 16.473070 2.318497 29.769182 16.473070 2.318497 26.769184 16.473070 1.630459 26.769184 18.537960 1.630203 30.411093 16.473070 1.630203 30.411093 16.473070 2.318493 30.411093 19.744192 2.318493 30.411093 19.744192 1.630203 30.411093 19.744192 1.630066 32.305206 19.744192 1.630203 30.411093 19.744192 2.318493 30.411093 19.744192 2.318493 33.411095 19.744192 1.629990 33.411095 17.678669 1.629990 33.411095 19.744192 1.629990 33.411095 19.744192 2.318493 33.411095 16.473070 2.318493 33.411095 16.473070 1.629990 33.411095 19.744192 2.318493 30.411093 16.473070 2.318493 30.411093 16.473070 2.318493 33.411095 19.744192 2.318493 33.411095 16.473070 1.630123 31.517134 16.473070 1.629990 33.411095 16.473070 2.318493 33.411095 16.473070 2.318493 30.411093 16.473070 1.630203 30.411093 12.469868 2.318493 30.411093 12.469868 1.630199 30.411093 12.469868 1.630123 31.517130 12.469868 2.318493 33.411095 12.469868 1.630013 33.114456 12.469868 1.629990 33.411095 14.534760 1.630199 30.411093 12.469868 1.630199 30.411093 12.469868 2.318493 30.411093 15.740992 2.318493 30.411093 15.740992 1.630203 30.411093 15.740992 1.630066 32.305206 15.740992 1.630203 30.411093 15.740992 2.318493 30.411093 15.740992 2.318493 33.411095 15.740992 1.629990 33.411095 13.675465 1.629990 33.411095 15.740992 1.629990 33.411095 15.740992 2.318493 33.411095 12.469868 2.318493 33.411095 12.469868 1.629990 33.411095 12.787695 1.629990 33.411095 15.740992 2.318493 30.411093 12.469868 2.318493 30.411093 12.469868 2.318493 33.411095 15.740992 2.318493 33.411095 11.737792 2.318493 30.411093 11.737792 1.630199 30.411093 10.531561 1.630199 30.411093 8.466668 2.318493 30.411093 
						9.573414 1.630199 30.411093 8.466668 1.630199 30.411093 11.737792 1.630066 32.305210 11.737792 1.630199 30.411093 11.737792 2.318493 30.411093 11.737792 2.318493 33.411095 11.737792 1.629990 33.411095 11.737792 1.630054 32.431183 9.672266 1.629990 33.411095 11.737792 1.629990 33.411095 11.737792 2.318493 33.411095 8.466668 2.318493 33.411095 8.466668 1.629990 33.411095 11.737792 2.318493 30.411093 8.466668 2.318493 30.411093 8.466668 2.318493 33.411095 11.737792 2.318493 33.411095 8.466668 1.630123 31.517130 8.466668 1.629990 33.411095 8.466668 2.318493 33.411095 8.466668 2.318493 30.411093 8.466668 1.630199 30.411093 10.532330 1.629948 34.053005 8.466668 1.629948 34.053005 8.466668 2.318493 34.053001 11.737792 2.318493 34.053001 11.737792 1.629948 34.053005 11.737792 1.629810 35.947823 11.737792 1.629948 34.053005 11.737792 2.318493 34.053001 11.737792 2.318493 37.053001 11.737792 1.629734 37.053001 9.671495 1.629734 37.053001 11.737792 1.629734 37.053001 11.737792 2.318493 37.053001 8.466668 2.318493 37.053001 8.466668 1.629734 37.053001 11.737792 2.318493 34.053001 8.466668 2.318493 34.053001 8.466668 2.318493 37.053001 11.737792 2.318493 37.053001 8.466668 1.629864 35.158340 8.466668 1.629734 37.053001 8.466668 2.318493 37.053001 8.466668 2.318493 34.053001 8.466668 1.629948 34.053005 13.475456 1.629948 34.053005 12.469868 1.629948 34.053005 12.469868 2.318493 34.053001 14.535528 1.629948 34.053005 15.740992 2.318493 34.053001 15.740992 1.629948 34.053005 15.740992 1.629807 35.947823 15.740992 1.629948 34.053005 15.740992 2.318493 34.053001 15.740992 2.318493 37.053001 15.740992 1.629734 37.053001 15.740992 1.629795 36.167511 13.674696 1.629734 37.053001 15.740992 1.629734 37.053001 15.740992 2.318493 37.053001 12.469868 2.318493 37.053001 12.469868 1.629734 37.053001 12.469868 1.629864 35.158340 
						12.469868 1.629734 37.053001 12.469868 2.318493 37.053001 12.469868 2.318493 34.053001 12.469868 1.629948 34.053005 15.740992 2.318493 34.053001 12.469868 2.318493 34.053001 12.469868 2.318493 37.053001 15.740992 2.318493 37.053001 16.473070 1.629745 36.850784 16.473070 1.629734 37.053001 16.473070 2.318493 37.053001 16.473070 1.629864 35.158340 16.473070 2.318493 34.053001 16.473070 1.629948 34.053005 18.538731 1.629948 34.053005 16.473070 1.629948 34.053005 16.473070 2.318493 34.053001 19.744192 2.318493 34.053001 19.744192 1.629948 34.053005 19.744192 1.629810 35.947823 19.744192 1.629948 34.053005 19.744192 2.318493 34.053001 19.744192 2.318493 37.053001 19.744192 1.629734 37.053001 17.677896 1.629734 37.053001 19.744192 1.629734 37.053001 19.744192 2.318493 37.053001 16.473070 2.318493 37.053001 16.473070 1.629734 37.053001 16.689737 1.629734 37.053001 19.744192 2.318493 34.053001 16.473070 2.318493 34.053001 16.473070 2.318493 37.053001 19.744192 2.318493 37.053001 19.744192 2.318497 37.694923 19.744192 1.629688 37.694923 18.539513 1.629688 37.694923 16.473070 2.318497 37.694923 17.377510 1.629688 37.694923 16.473070 1.629688 37.694923 19.744192 1.629551 39.590458 19.744192 1.629688 37.694923 19.744192 2.318497 37.694923 19.744192 2.318497 40.694923 19.744192 1.629475 40.694923 19.744192 1.629528 39.903831 17.677116 1.629475 40.694923 19.744192 1.629475 40.694923 19.744192 2.318497 40.694923 16.473070 2.318497 40.694923 16.473070 1.629475 40.694923 19.744192 2.318497 37.694923 16.473070 2.318497 37.694923 16.473070 2.318497 40.694923 19.744192 2.318497 40.694923 16.473070 1.629604 38.799545 16.473070 1.629475 40.694923 16.473070 2.318497 40.694923 16.473070 2.318497 37.694923 16.473070 1.629688 37.694923 14.536310 1.629688 37.694923 12.469868 1.629688 37.694923 12.469868 2.318497 37.694923 15.740992 2.318497 37.694923 
						15.740992 1.629688 37.694923 15.740992 1.629551 39.590458 15.740992 1.629688 37.694923 15.740992 2.318497 37.694923 15.740992 2.318497 40.694923 15.740992 1.629475 40.694923 13.673916 1.629475 40.694923 15.740992 1.629475 40.694923 15.740992 2.318497 40.694923 12.469868 2.318497 40.694923 12.469868 1.629475 40.694923 15.740992 2.318497 37.694923 12.469868 2.318497 37.694923 12.469868 2.318497 40.694923 15.740992 2.318497 40.694923 12.469868 1.629604 38.799545 12.469868 1.629475 40.694923 12.469868 2.318497 40.694923 12.469868 2.318497 37.694923 12.469868 1.629688 37.694923 10.533110 1.629688 37.694923 8.466668 1.629688 37.694923 8.466668 2.318497 37.694923 11.737792 2.318497 37.694923 11.737792 1.629688 37.694923 11.737792 1.629551 39.590458 11.737792 1.629688 37.694923 11.737792 2.318497 37.694923 11.737792 2.318497 40.694923 11.737792 1.629475 40.694923 9.670716 1.629475 40.694923 11.737792 1.629475 40.694923 11.737792 2.318497 40.694923 8.466668 2.318497 40.694923 8.466668 1.629475 40.694923 11.737792 2.318497 37.694923 8.466668 2.318497 37.694923 8.466668 2.318497 40.694923 11.737792 2.318497 40.694923 8.466668 1.629604 38.799545 8.466668 1.629475 40.694923 8.466668 2.318497 40.694923 8.466668 2.318497 37.694923 8.466668 1.629688 37.694923 
					</float_array>
					<technique_common>
						<accessor count="300" offset="0" source="#meshId4-positions-array" stride="3">
							<param name="X" type="float" />
							<param name="Y" type="float" />
							<param name="Z" type="float" />
						</accessor>
					</technique_common>
				</source>
				<source id="meshId4-normals" name="meshId4-normals">
					<float_array id="meshId4-normals-array" count="900"> 
						-1.000000 0.000000 0.000000 -1.000000 0.000000 0.000000 -1.000000 0.000000 0.000000 -1.000000 0.000000 0.000000 -1.000000 0.000000 0.000000 -1.000000 0.000000 0.000000 0.000000 0.000000 -1.000000 0.000000 0.000000 -1.000000 0.000000 0.000000 -1.000000 0.000000 0.000000 -1.000000 0.000000 0.000000 -1.000000 1.000000 0.000000 0.000000 1.000000 0.000000 0.000000 1.000000 0.000000 0.000000 1.000000 0.000000 0.000000 1.000000 0.000000 0.000000 0.000000 -0.000000 1.000000 0.000000 0.000000 1.000000 0.000000 0.000000 1.000000 0.000000 -0.000000 1.000000 0.000000 -0.000000 1.000000 0.000000 -0.000000 1.000000 0.000000 1.000000 -0.000000 0.000000 1.000000 -0.000000 0.000000 1.000000 -0.000000 0.000000 1.000000 -0.000000 0.000000 0.000000 -1.000000 0.000000 0.000000 -1.000000 0.000000 0.000000 -1.000000 0.000000 0.000000 -1.000000 0.000000 0.000000 -1.000000 1.000000 0.000000 0.000000 1.000000 0.000000 0.000000 1.000000 0.000000 0.000000 1.000000 0.000000 0.000000 1.000000 0.000000 0.000000 0.000000 -0.000000 1.000000 0.000000 0.000000 1.000000 0.000000 0.000000 1.000000 0.000000 -0.000000 1.000000 0.000000 -0.000000 1.000000 0.000000 1.000000 -0.000000 0.000000 1.000000 -0.000000 0.000000 1.000000 -0.000000 0.000000 1.000000 -0.000000 -1.000000 0.000000 0.000000 -1.000000 0.000000 0.000000 -1.000000 0.000000 0.000000 -1.000000 0.000000 0.000000 -1.000000 0.000000 0.000000 0.000000 0.000000 -1.000000 0.000000 0.000000 -1.000000 0.000000 0.000000 -1.000000 0.000000 0.000000 -1.000000 0.000000 0.000000 -1.000000 1.000000 0.000000 0.000000 1.000000 0.000000 0.000000 1.000000 0.000000 0.000000 1.000000 0.000000 0.000000 1.000000 0.000000 0.000000 0.000000 0.000000 1.000000 0.000000 -0.000000 1.000000 0.000000 0.000000 1.000000 0.000000 -0.000000 1.000000 
						0.000000 -0.000000 1.000000 0.000000 1.000000 -0.000000 0.000000 1.000000 -0.000000 0.000000 1.000000 -0.000000 0.000000 1.000000 -0.000000 -1.000000 0.000000 0.000000 -1.000000 0.000000 0.000000 -1.000000 0.000000 0.000000 -1.000000 0.000000 0.000000 -1.000000 0.000000 0.000000 0.000000 0.000000 -1.000000 0.000000 0.000000 -1.000000 0.000000 0.000000 -1.000000 0.000000 0.000000 -1.000000 0.000000 0.000000 -1.000000 1.000000 0.000000 0.000000 1.000000 0.000000 0.000000 1.000000 0.000000 0.000000 1.000000 0.000000 0.000000 1.000000 0.000000 0.000000 0.000000 -0.000000 1.000000 0.000000 0.000000 1.000000 0.000000 -0.000000 1.000000 0.000000 -0.000000 1.000000 0.000000 -0.000000 1.000000 0.000000 1.000000 -0.000000 0.000000 1.000000 -0.000000 0.000000 1.000000 -0.000000 0.000000 1.000000 -0.000000 -1.000000 0.000000 0.000000 -1.000000 0.000000 0.000000 -1.000000 0.000000 0.000000 -1.000000 0.000000 0.000000 -1.000000 0.000000 0.000000 -1.000000 0.000000 0.000000 -1.000000 0.000000 0.000000 -1.000000 0.000000 0.000000 -1.000000 0.000000 0.000000 -1.000000 0.000000 0.000000 -1.000000 0.000000 0.000000 0.000000 0.000000 -1.000000 0.000000 0.000000 -1.000000 0.000000 0.000000 -1.000000 0.000000 0.000000 -1.000000 0.000000 0.000000 -1.000000 1.000000 0.000000 0.000000 1.000000 0.000000 0.000000 1.000000 0.000000 0.000000 1.000000 0.000000 0.000000 1.000000 0.000000 0.000000 0.000000 -0.000000 1.000000 0.000000 -0.000000 1.000000 0.000000 -0.000000 1.000000 0.000000 0.000000 1.000000 0.000000 -0.000000 1.000000 0.000000 -0.000000 1.000000 0.000000 1.000000 -0.000000 0.000000 1.000000 -0.000000 0.000000 1.000000 -0.000000 0.000000 1.000000 -0.000000 0.000000 0.000000 -1.000000 0.000000 0.000000 -1.000000 0.000000 0.000000 -1.000000 0.000000 0.000000 -1.000000 
						0.000000 0.000000 -1.000000 0.000000 0.000000 -1.000000 1.000000 0.000000 0.000000 1.000000 0.000000 0.000000 1.000000 0.000000 0.000000 1.000000 0.000000 0.000000 1.000000 0.000000 0.000000 1.000000 0.000000 0.000000 0.000000 -0.000000 1.000000 0.000000 -0.000000 1.000000 0.000000 -0.000000 1.000000 0.000000 -0.000000 1.000000 0.000000 -0.000000 1.000000 0.000000 1.000000 -0.000000 0.000000 1.000000 -0.000000 0.000000 1.000000 -0.000000 0.000000 1.000000 -0.000000 -1.000000 0.000000 0.000000 -1.000000 0.000000 0.000000 -1.000000 0.000000 0.000000 -1.000000 0.000000 0.000000 -1.000000 0.000000 0.000000 0.000000 0.000000 -1.000000 0.000000 0.000000 -1.000000 0.000000 0.000000 -1.000000 0.000000 0.000000 -1.000000 0.000000 0.000000 -1.000000 1.000000 0.000000 0.000000 1.000000 0.000000 0.000000 1.000000 0.000000 0.000000 1.000000 0.000000 0.000000 1.000000 0.000000 0.000000 0.000000 -0.000000 1.000000 0.000000 -0.000000 1.000000 0.000000 -0.000000 1.000000 0.000000 -0.000000 1.000000 0.000000 -0.000000 1.000000 0.000000 1.000000 -0.000000 0.000000 1.000000 -0.000000 0.000000 1.000000 -0.000000 0.000000 1.000000 -0.000000 -1.000000 0.000000 0.000000 -1.000000 0.000000 0.000000 -1.000000 0.000000 0.000000 -1.000000 0.000000 0.000000 -1.000000 0.000000 0.000000 0.000000 0.000000 -1.000000 0.000000 0.000000 -1.000000 0.000000 0.000000 -1.000000 0.000000 0.000000 -1.000000 0.000000 0.000000 -1.000000 0.000000 0.000000 -1.000000 1.000000 0.000000 0.000000 1.000000 0.000000 0.000000 1.000000 0.000000 0.000000 1.000000 0.000000 0.000000 1.000000 0.000000 0.000000 1.000000 0.000000 0.000000 0.000000 -0.000000 1.000000 0.000000 -0.000000 1.000000 0.000000 -0.000000 1.000000 0.000000 0.000000 1.000000 0.000000 -0.000000 1.000000 -1.000000 0.000000 0.000000 
						-1.000000 0.000000 0.000000 -1.000000 0.000000 0.000000 -1.000000 0.000000 0.000000 -1.000000 0.000000 0.000000 0.000000 1.000000 -0.000000 0.000000 1.000000 -0.000000 0.000000 1.000000 -0.000000 0.000000 1.000000 -0.000000 -1.000000 0.000000 0.000000 -1.000000 0.000000 0.000000 -1.000000 0.000000 0.000000 -1.000000 0.000000 0.000000 -1.000000 0.000000 0.000000 -1.000000 0.000000 0.000000 0.000000 0.000000 -1.000000 0.000000 0.000000 -1.000000 0.000000 0.000000 -1.000000 0.000000 0.000000 -1.000000 0.000000 0.000000 -1.000000 1.000000 0.000000 0.000000 1.000000 0.000000 0.000000 1.000000 0.000000 0.000000 1.000000 0.000000 0.000000 1.000000 0.000000 0.000000 0.000000 -0.000000 1.000000 0.000000 -0.000000 1.000000 0.000000 -0.000000 1.000000 0.000000 -0.000000 1.000000 0.000000 -0.000000 1.000000 0.000000 -0.000000 1.000000 0.000000 1.000000 -0.000000 0.000000 1.000000 -0.000000 0.000000 1.000000 -0.000000 0.000000 1.000000 -0.000000 0.000000 0.000000 -1.000000 0.000000 0.000000 -1.000000 0.000000 0.000000 -1.000000 0.000000 0.000000 -1.000000 0.000000 0.000000 -1.000000 0.000000 0.000000 -1.000000 1.000000 0.000000 0.000000 1.000000 0.000000 0.000000 1.000000 0.000000 0.000000 1.000000 0.000000 0.000000 1.000000 0.000000 0.000000 1.000000 0.000000 0.000000 0.000000 -0.000000 1.000000 0.000000 -0.000000 1.000000 0.000000 -0.000000 1.000000 0.000000 -0.000000 1.000000 0.000000 -0.000000 1.000000 0.000000 1.000000 -0.000000 0.000000 1.000000 -0.000000 0.000000 1.000000 -0.000000 0.000000 1.000000 -0.000000 -1.000000 0.000000 0.000000 -1.000000 0.000000 0.000000 -1.000000 0.000000 0.000000 -1.000000 0.000000 0.000000 -1.000000 0.000000 0.000000 0.000000 0.000000 -1.000000 0.000000 0.000000 -1.000000 0.000000 0.000000 -1.000000 0.000000 0.000000 -1.000000 
						0.000000 0.000000 -1.000000 1.000000 0.000000 0.000000 1.000000 0.000000 0.000000 1.000000 0.000000 0.000000 1.000000 0.000000 0.000000 1.000000 0.000000 0.000000 0.000000 -0.000000 1.000000 0.000000 -0.000000 1.000000 0.000000 -0.000000 1.000000 0.000000 -0.000000 1.000000 0.000000 -0.000000 1.000000 0.000000 1.000000 -0.000000 0.000000 1.000000 -0.000000 0.000000 1.000000 -0.000000 0.000000 1.000000 -0.000000 -1.000000 0.000000 0.000000 -1.000000 0.000000 0.000000 -1.000000 0.000000 0.000000 -1.000000 0.000000 0.000000 -1.000000 0.000000 0.000000 0.000000 0.000000 -1.000000 0.000000 0.000000 -1.000000 0.000000 0.000000 -1.000000 0.000000 0.000000 -1.000000 0.000000 0.000000 -1.000000 1.000000 0.000000 0.000000 1.000000 0.000000 0.000000 1.000000 0.000000 0.000000 1.000000 0.000000 0.000000 1.000000 0.000000 0.000000 0.000000 -0.000000 1.000000 0.000000 -0.000000 1.000000 0.000000 -0.000000 1.000000 0.000000 -0.000000 1.000000 0.000000 -0.000000 1.000000 0.000000 1.000000 -0.000000 0.000000 1.000000 -0.000000 0.000000 1.000000 -0.000000 0.000000 1.000000 -0.000000 -1.000000 0.000000 0.000000 -1.000000 0.000000 0.000000 -1.000000 0.000000 0.000000 -1.000000 0.000000 0.000000 -1.000000 0.000000 0.000000 
					</float_array>
					<technique_common>
						<accessor count="300" offset="0" source="#meshId4-normals-array" stride="3">
							<param name="X" type="float" />
							<param name="Y" type="float" />
							<param name="Z" type="float" />
						</accessor>
					</technique_common>
				</source>
				<source id="meshId4-tangents" name="meshId4-tangents">
					<float_array id="meshId4-tangents-array" count="900"> 
						0.000000 -0.000005 -1.000000 0.000000 0.000015 -1.000000 0.000000 -0.000001 -1.000000 0.000000 0.000003 -1.000000 0.000000 0.000020 -1.000000 0.000000 0.000029 -1.000000 1.000000 0.000000 0.000000 1.000000 0.000000 0.000000 1.000000 0.000000 0.000000 1.000000 0.000000 0.000000 1.000000 0.000000 0.000000 0.000000 0.000002 -1.000000 0.000000 0.000002 -1.000000 0.000000 0.000002 -1.000000 0.000000 0.000007 -1.000000 0.000000 0.000010 -1.000000 1.000000 0.000000 0.000000 1.000000 0.000000 0.000000 1.000000 0.000000 0.000000 1.000000 0.000000 0.000000 1.000000 0.000000 0.000000 1.000000 0.000000 0.000000 -1.000000 0.000000 0.000000 -1.000000 0.000000 0.000000 -1.000000 0.000000 0.000000 -1.000000 0.000000 0.000000 1.000000 0.000000 0.000000 1.000000 0.000000 0.000000 1.000000 0.000000 0.000000 1.000000 0.000000 0.000000 1.000000 0.000000 0.000000 0.000000 -0.000001 -1.000000 0.000000 0.000002 -1.000000 0.000000 0.000002 -1.000000 0.000000 -0.000004 -1.000000 0.000000 -0.000007 -1.000000 1.000000 0.000000 0.000000 1.000000 0.000000 0.000000 1.000000 0.000000 0.000000 1.000000 0.000000 0.000000 1.000000 0.000000 0.000000 -1.000000 0.000000 0.000000 -1.000000 0.000000 0.000000 -1.000000 0.000000 0.000000 -1.000000 0.000000 0.000000 0.000000 0.000003 -1.000000 0.000000 -0.000007 -1.000000 0.000000 -0.000006 -1.000000 0.000000 0.000018 -1.000000 0.000000 0.000026 -1.000000 1.000000 0.000000 0.000000 1.000000 0.000000 0.000000 1.000000 0.000000 0.000000 1.000000 0.000000 0.000000 1.000000 0.000000 0.000000 0.000000 -0.000001 -1.000000 0.000000 0.000002 -1.000000 0.000000 0.000002 -1.000000 0.000000 -0.000007 -1.000000 0.000000 -0.000010 -1.000000 1.000000 0.000001 0.000000 1.000000 0.000000 0.000000 1.000000 0.000000 0.000000 1.000000 0.000002 0.000000 
						1.000000 0.000003 0.000000 -1.000000 0.000000 0.000000 -1.000000 0.000000 0.000000 -1.000000 0.000000 0.000000 -1.000000 0.000000 0.000000 0.000000 0.000001 -1.000000 0.000000 -0.000007 -1.000000 0.000000 -0.000006 -1.000000 0.000000 0.000007 -1.000000 0.000000 0.000010 -1.000000 1.000000 0.000000 0.000000 1.000000 0.000000 0.000000 1.000000 0.000000 0.000000 1.000000 0.000000 0.000000 1.000000 0.000000 0.000000 0.000000 -0.000001 -1.000000 0.000000 0.000004 -1.000000 0.000000 0.000003 -1.000000 0.000000 -0.000007 -1.000000 0.000000 -0.000010 -1.000000 1.000000 0.000000 0.000000 1.000000 0.000000 0.000000 1.000000 0.000000 0.000000 1.000000 0.000000 0.000000 1.000000 0.000000 0.000000 -1.000000 0.000000 0.000000 -1.000000 0.000000 0.000000 -1.000000 0.000000 0.000000 -1.000000 0.000000 0.000000 0.000000 -0.000003 -1.000000 0.000000 0.000001 -1.000000 0.000000 0.000000 -1.000000 0.000000 -0.000013 -1.000000 0.000000 -0.000020 -1.000000 0.000000 -0.000015 -1.000000 0.000000 -0.000023 -1.000000 0.000000 -0.000004 -1.000000 0.000000 -0.000000 -1.000000 0.000000 -0.000000 -1.000000 0.000000 -0.000003 -1.000000 1.000000 0.000001 0.000000 1.000000 0.000000 0.000000 1.000000 0.000000 0.000000 1.000000 0.000002 0.000000 1.000000 0.000003 0.000000 0.000000 0.000001 -1.000000 0.000000 0.000004 -1.000000 0.000000 0.000003 -1.000000 0.000000 0.000004 -1.000000 0.000000 0.000007 -1.000000 1.000000 0.000000 0.000000 1.000000 0.000000 0.000000 1.000000 0.000000 0.000000 1.000000 0.000000 0.000000 1.000000 0.000000 0.000000 1.000000 0.000000 0.000000 -1.000000 0.000000 0.000000 -1.000000 0.000000 0.000000 -1.000000 0.000000 0.000000 -1.000000 0.000000 0.000000 1.000000 0.000000 0.000000 1.000000 0.000000 0.000000 1.000000 0.000000 0.000000 1.000000 0.000000 0.000000 
						1.000000 0.000000 0.000000 1.000000 0.000000 0.000000 0.000000 0.000008 -1.000000 0.000000 -0.000007 -1.000000 0.000000 -0.000006 -1.000000 0.000000 0.000014 -1.000000 0.000000 0.000019 -1.000000 0.000000 0.000048 -1.000000 1.000000 0.000000 0.000000 1.000000 0.000000 0.000000 1.000000 0.000000 0.000000 1.000000 0.000000 0.000000 1.000000 0.000000 0.000000 -1.000000 0.000000 0.000000 -1.000000 0.000000 0.000000 -1.000000 0.000000 0.000000 -1.000000 0.000000 0.000000 0.000000 -0.000001 -1.000000 0.000000 0.000001 -1.000000 0.000000 0.000000 -1.000000 0.000000 -0.000004 -1.000000 0.000000 -0.000007 -1.000000 1.000000 0.000000 0.000000 1.000000 0.000000 0.000000 1.000000 0.000000 0.000000 1.000000 0.000000 0.000000 1.000000 0.000000 0.000000 0.000000 0.000001 -1.000000 0.000000 0.000022 -1.000000 0.000000 0.000017 -1.000000 0.000000 -0.000004 -1.000000 0.000000 -0.000007 -1.000000 1.000000 0.000000 0.000000 1.000000 0.000000 0.000000 1.000000 0.000000 0.000000 1.000000 0.000000 0.000000 1.000000 0.000000 0.000000 -1.000000 0.000000 0.000000 -1.000000 0.000000 0.000000 -1.000000 0.000000 0.000000 -1.000000 0.000000 0.000000 0.000000 0.000002 -1.000000 0.000000 0.000001 -1.000000 0.000000 0.000000 -1.000000 0.000000 0.000009 -1.000000 0.000000 0.000013 -1.000000 1.000000 0.000000 0.000000 1.000000 0.000000 0.000000 1.000000 0.000000 0.000000 1.000000 0.000000 0.000000 1.000000 0.000000 0.000000 1.000000 0.000000 0.000000 0.000000 -0.000004 -1.000000 0.000000 0.000023 -1.000000 0.000000 0.000019 -1.000000 0.000000 -0.000004 -1.000000 0.000000 -0.000003 -1.000000 0.000000 -0.000029 -1.000000 1.000000 0.000000 0.000000 1.000000 0.000000 0.000000 1.000000 0.000000 0.000000 1.000000 0.000000 0.000000 1.000000 0.000000 0.000000 0.000000 0.000002 -1.000000 
						0.000000 0.000001 -1.000000 0.000000 0.000000 -1.000000 0.000000 0.000009 -1.000000 0.000000 0.000013 -1.000000 -1.000000 0.000000 0.000000 -1.000000 0.000000 0.000000 -1.000000 0.000000 0.000000 -1.000000 0.000000 0.000000 0.000000 0.000017 -1.000000 0.000000 0.000051 -1.000000 0.000000 0.000007 -1.000000 0.000000 0.000001 -1.000000 0.000000 0.000009 -1.000000 0.000000 0.000013 -1.000000 1.000000 0.000000 0.000000 1.000000 0.000000 0.000000 1.000000 0.000000 0.000000 1.000000 0.000000 0.000000 1.000000 0.000000 0.000000 0.000000 -0.000002 -1.000000 0.000000 0.000022 -1.000000 0.000000 0.000017 -1.000000 0.000000 -0.000015 -1.000000 0.000000 -0.000023 -1.000000 1.000000 0.000000 0.000000 1.000000 0.000000 0.000000 1.000000 0.000000 0.000000 1.000000 0.000000 0.000000 1.000000 0.000000 0.000000 1.000000 0.000000 0.000000 -1.000000 0.000000 0.000000 -1.000000 0.000000 0.000000 -1.000000 0.000000 0.000000 -1.000000 0.000000 0.000000 1.000000 0.000000 0.000000 1.000000 0.000000 0.000000 1.000000 0.000000 0.000000 1.000000 0.000000 0.000000 1.000000 0.000000 0.000000 1.000000 0.000000 0.000000 0.000000 0.000000 -1.000000 0.000000 -0.000007 -1.000000 0.000000 -0.000006 -1.000000 0.000000 -0.000006 -1.000000 0.000000 -0.000012 -1.000000 0.000000 0.000004 -1.000000 1.000000 0.000000 0.000000 1.000000 0.000000 0.000000 1.000000 0.000000 0.000000 1.000000 0.000000 0.000000 1.000000 0.000000 0.000000 -1.000000 0.000000 0.000000 -1.000000 0.000000 0.000000 -1.000000 0.000000 0.000000 -1.000000 0.000000 0.000000 0.000000 -0.000001 -1.000000 0.000000 0.000001 -1.000000 0.000000 0.000000 -1.000000 0.000000 -0.000002 -1.000000 0.000000 -0.000003 -1.000000 1.000000 0.000000 0.000000 1.000000 0.000000 0.000000 1.000000 0.000000 0.000000 1.000000 0.000000 0.000000 
						1.000000 0.000000 0.000000 0.000000 -0.000002 -1.000000 0.000000 -0.000007 -1.000000 0.000000 -0.000006 -1.000000 0.000000 -0.000004 -1.000000 0.000000 -0.000007 -1.000000 1.000000 0.000000 0.000000 1.000000 0.000000 0.000000 1.000000 0.000000 0.000000 1.000000 0.000000 0.000000 1.000000 0.000000 0.000000 -1.000000 0.000000 0.000000 -1.000000 0.000000 0.000000 -1.000000 0.000000 0.000000 -1.000000 0.000000 0.000000 0.000000 -0.000001 -1.000000 0.000000 0.000001 -1.000000 0.000000 0.000000 -1.000000 0.000000 -0.000002 -1.000000 0.000000 -0.000003 -1.000000 1.000000 0.000000 0.000000 1.000000 0.000000 0.000000 1.000000 0.000000 0.000000 1.000000 0.000000 0.000000 1.000000 0.000000 0.000000 0.000000 -0.000005 -1.000000 0.000000 -0.000007 -1.000000 0.000000 -0.000006 -1.000000 0.000000 -0.000015 -1.000000 0.000000 -0.000023 -1.000000 1.000000 0.000000 0.000000 1.000000 0.000000 0.000000 1.000000 0.000000 0.000000 1.000000 0.000000 0.000000 1.000000 0.000000 0.000000 -1.000000 0.000000 0.000000 -1.000000 0.000000 0.000000 -1.000000 0.000000 0.000000 -1.000000 0.000000 0.000000 0.000000 -0.000001 -1.000000 0.000000 0.000003 -1.000000 0.000000 0.000003 -1.000000 0.000000 -0.000003 -1.000000 0.000000 -0.000005 -1.000000 
					</float_array>
					<technique_common>
						<accessor count="300" offset="0" source="#meshId4-tangents-array" stride="3">
							<param name="X" type="float" />
							<param name="Y" type="float" />
							<param name="Z" type="float" />
						</accessor>
					</technique_common>
				</source>
				<source id="meshId4-bitangents" name="meshId4-bitangents">
					<float_array id="meshId4-bitangents-array" count="900"> 
						0.000000 -1.000000 0.000006 -0.000000 -1.000000 -0.000018 0.000000 -1.000000 0.000002 -0.000000 -1.000000 -0.000004 -0.000000 -1.000000 -0.000023 -0.000000 -1.000000 -0.000035 0.000000 -1.000000 -0.000000 0.000000 -1.000000 -0.000000 0.000000 -1.000000 -0.000000 0.000000 -1.000000 -0.000000 0.000000 -1.000000 -0.000000 0.000000 1.000000 0.000002 0.000000 1.000000 0.000003 0.000000 1.000000 0.000002 0.000000 1.000000 0.000008 0.000000 1.000000 0.000012 0.000000 1.000000 0.000000 0.000000 1.000000 0.000000 0.000000 1.000000 0.000000 0.000000 1.000000 0.000000 0.000000 1.000000 0.000000 0.000000 1.000000 0.000000 0.000000 0.000000 1.000000 0.000000 0.000000 1.000000 0.000000 0.000000 1.000000 0.000000 0.000000 1.000000 0.000000 -1.000000 -0.000000 0.000000 -1.000000 -0.000000 0.000000 -1.000000 -0.000000 0.000000 -1.000000 -0.000000 0.000000 -1.000000 -0.000000 0.000000 1.000000 -0.000001 0.000000 1.000000 0.000003 0.000000 1.000000 0.000002 0.000000 1.000000 -0.000005 0.000000 1.000000 -0.000008 0.000000 1.000000 0.000000 0.000000 1.000000 0.000000 0.000000 1.000000 0.000000 0.000000 1.000000 0.000000 0.000000 1.000000 0.000000 0.000000 0.000000 1.000000 0.000000 0.000000 1.000000 0.000000 0.000000 1.000000 0.000000 0.000000 1.000000 -0.000000 -1.000000 -0.000004 0.000000 -1.000000 0.000008 0.000000 -1.000000 0.000007 -0.000000 -1.000000 -0.000021 -0.000000 -1.000000 -0.000031 0.000000 -1.000000 -0.000000 0.000000 -1.000000 -0.000000 0.000000 -1.000000 -0.000000 0.000000 -1.000000 -0.000000 0.000000 -1.000000 -0.000000 0.000000 1.000000 -0.000002 0.000000 1.000000 0.000003 0.000000 1.000000 0.000002 0.000000 1.000000 -0.000008 0.000000 1.000000 -0.000011 -0.000001 1.000000 0.000000 0.000000 1.000000 0.000000 0.000000 1.000000 0.000000 -0.000002 1.000000 0.000000 
						-0.000003 1.000000 0.000000 0.000000 0.000000 1.000000 0.000000 0.000000 1.000000 0.000000 0.000000 1.000000 0.000000 0.000000 1.000000 -0.000000 -1.000000 -0.000001 0.000000 -1.000000 0.000008 0.000000 -1.000000 0.000007 -0.000000 -1.000000 -0.000008 -0.000000 -1.000000 -0.000012 0.000000 -1.000000 -0.000000 0.000000 -1.000000 -0.000000 0.000000 -1.000000 -0.000000 0.000000 -1.000000 -0.000000 0.000000 -1.000000 -0.000000 0.000000 1.000000 -0.000002 0.000000 1.000000 0.000005 0.000000 1.000000 0.000004 0.000000 1.000000 -0.000008 0.000000 1.000000 -0.000011 0.000000 1.000000 0.000000 0.000000 1.000000 0.000000 0.000000 1.000000 0.000000 0.000000 1.000000 0.000000 0.000000 1.000000 0.000000 0.000000 0.000000 1.000000 0.000000 0.000000 1.000000 0.000000 0.000000 1.000000 0.000000 0.000000 1.000000 0.000000 -1.000000 0.000004 -0.000000 -1.000000 -0.000001 -0.000000 -1.000000 -0.000001 0.000000 -1.000000 0.000016 0.000000 -1.000000 0.000024 0.000000 -1.000000 0.000018 0.000000 -1.000000 0.000027 0.000000 -1.000000 0.000004 0.000000 -1.000000 0.000000 0.000000 -1.000000 0.000000 0.000000 -1.000000 0.000004 0.000001 -1.000000 -0.000000 0.000000 -1.000000 -0.000000 0.000000 -1.000000 0.000000 0.000002 -1.000000 -0.000000 0.000003 -1.000000 -0.000000 0.000000 1.000000 0.000002 0.000000 1.000000 0.000005 0.000000 1.000000 0.000004 0.000000 1.000000 0.000005 0.000000 1.000000 0.000008 0.000000 1.000000 0.000000 0.000000 1.000000 0.000000 0.000000 1.000000 0.000000 0.000000 1.000000 0.000000 0.000000 1.000000 0.000000 0.000000 1.000000 0.000000 0.000000 0.000000 1.000000 0.000000 0.000000 1.000000 0.000000 0.000000 1.000000 0.000000 0.000000 1.000000 0.000000 -1.000000 -0.000000 0.000000 -1.000000 -0.000000 0.000000 -1.000000 -0.000000 0.000000 -1.000000 -0.000000 
						0.000000 -1.000000 -0.000000 0.000000 -1.000000 -0.000000 0.000000 1.000000 0.000010 0.000000 1.000000 -0.000008 0.000000 1.000000 -0.000007 0.000000 1.000000 0.000017 0.000000 1.000000 0.000023 0.000000 1.000000 0.000057 0.000000 1.000000 0.000000 0.000000 1.000000 0.000000 0.000000 1.000000 0.000000 0.000000 1.000000 0.000000 0.000000 1.000000 0.000000 0.000000 0.000000 1.000000 0.000000 0.000000 1.000000 0.000000 0.000000 1.000000 0.000000 0.000000 1.000000 0.000000 -1.000000 0.000001 -0.000000 -1.000000 -0.000001 -0.000000 -1.000000 -0.000001 0.000000 -1.000000 0.000005 0.000000 -1.000000 0.000008 0.000000 -1.000000 -0.000000 0.000000 -1.000000 -0.000000 0.000000 -1.000000 0.000000 0.000000 -1.000000 -0.000000 0.000000 -1.000000 -0.000000 0.000000 1.000000 0.000001 0.000000 1.000000 0.000026 0.000000 1.000000 0.000020 0.000000 1.000000 -0.000005 0.000000 1.000000 -0.000008 0.000000 1.000000 0.000000 0.000000 1.000000 0.000000 0.000000 1.000000 0.000000 0.000000 1.000000 0.000000 0.000000 1.000000 0.000000 0.000000 0.000000 1.000000 0.000000 0.000000 1.000000 0.000000 0.000000 1.000000 0.000000 0.000000 1.000000 -0.000000 -1.000000 -0.000002 -0.000000 -1.000000 -0.000001 -0.000000 -1.000000 -0.000001 -0.000000 -1.000000 -0.000010 -0.000000 -1.000000 -0.000015 0.000000 -1.000000 -0.000000 0.000000 -1.000000 0.000000 0.000000 -1.000000 -0.000000 0.000000 -1.000000 -0.000000 0.000000 -1.000000 -0.000000 0.000000 -1.000000 -0.000000 0.000000 1.000000 -0.000004 0.000000 1.000000 0.000028 0.000000 1.000000 0.000022 0.000000 1.000000 -0.000005 0.000000 1.000000 -0.000004 0.000000 1.000000 -0.000035 0.000000 1.000000 0.000000 0.000000 1.000000 0.000000 0.000000 1.000000 0.000000 0.000000 1.000000 0.000000 0.000000 1.000000 0.000000 -0.000000 -1.000000 -0.000002 
						-0.000000 -1.000000 -0.000001 -0.000000 -1.000000 -0.000001 -0.000000 -1.000000 -0.000010 -0.000000 -1.000000 -0.000015 0.000000 0.000000 1.000000 0.000000 0.000000 1.000000 0.000000 0.000000 1.000000 0.000000 0.000000 1.000000 -0.000000 -1.000000 -0.000020 -0.000000 -1.000000 -0.000061 -0.000000 -1.000000 -0.000008 -0.000000 -1.000000 -0.000002 -0.000000 -1.000000 -0.000010 -0.000000 -1.000000 -0.000015 0.000000 -1.000000 -0.000000 0.000000 -1.000000 -0.000000 0.000000 -1.000000 0.000000 0.000000 -1.000000 -0.000000 0.000000 -1.000000 -0.000000 0.000000 1.000000 -0.000002 0.000000 1.000000 0.000026 0.000000 1.000000 0.000020 0.000000 1.000000 -0.000018 0.000000 1.000000 -0.000027 0.000000 1.000000 0.000000 0.000000 1.000000 0.000000 0.000000 1.000000 0.000000 0.000000 1.000000 0.000000 0.000000 1.000000 0.000000 0.000000 1.000000 0.000000 0.000000 0.000000 1.000000 0.000000 0.000000 1.000000 0.000000 0.000000 1.000000 0.000000 0.000000 1.000000 0.000000 -1.000000 -0.000000 0.000000 -1.000000 -0.000000 0.000000 -1.000000 -0.000000 0.000000 -1.000000 -0.000000 0.000000 -1.000000 -0.000000 0.000000 -1.000000 -0.000000 0.000000 1.000000 0.000001 0.000000 1.000000 -0.000008 0.000000 1.000000 -0.000007 0.000000 1.000000 -0.000007 0.000000 1.000000 -0.000015 0.000000 1.000000 0.000004 0.000000 1.000000 0.000000 0.000000 1.000000 0.000000 0.000000 1.000000 0.000000 0.000000 1.000000 0.000000 0.000000 1.000000 0.000000 0.000000 0.000000 1.000000 0.000000 0.000000 1.000000 0.000000 0.000000 1.000000 0.000000 0.000000 1.000000 0.000000 -1.000000 0.000001 -0.000000 -1.000000 -0.000001 -0.000000 -1.000000 -0.000001 0.000000 -1.000000 0.000003 0.000000 -1.000000 0.000004 0.000000 -1.000000 -0.000000 0.000000 -1.000000 -0.000000 0.000000 -1.000000 0.000000 0.000000 -1.000000 -0.000000 
						0.000000 -1.000000 -0.000000 0.000000 1.000000 -0.000002 0.000000 1.000000 -0.000008 0.000000 1.000000 -0.000007 0.000000 1.000000 -0.000005 0.000000 1.000000 -0.000008 0.000000 1.000000 0.000000 0.000000 1.000000 0.000000 0.000000 1.000000 0.000000 0.000000 1.000000 0.000000 0.000000 1.000000 0.000000 0.000000 0.000000 1.000000 0.000000 0.000000 1.000000 0.000000 0.000000 1.000000 0.000000 0.000000 1.000000 0.000000 -1.000000 0.000001 -0.000000 -1.000000 -0.000001 -0.000000 -1.000000 -0.000001 0.000000 -1.000000 0.000003 0.000000 -1.000000 0.000004 0.000000 -1.000000 -0.000000 0.000000 -1.000000 -0.000000 0.000000 -1.000000 0.000000 0.000000 -1.000000 -0.000000 0.000000 -1.000000 -0.000000 0.000000 1.000000 -0.000006 0.000000 1.000000 -0.000008 0.000000 1.000000 -0.000007 0.000000 1.000000 -0.000018 0.000000 1.000000 -0.000027 0.000000 1.000000 0.000000 0.000000 1.000000 0.000000 0.000000 1.000000 0.000000 0.000000 1.000000 0.000000 0.000000 1.000000 0.000000 0.000000 0.000000 1.000000 0.000000 0.000000 1.000000 0.000000 0.000000 1.000000 0.000000 0.000000 1.000000 0.000000 -1.000000 0.000001 -0.000000 -1.000000 -0.000004 -0.000000 -1.000000 -0.000003 0.000000 -1.000000 0.000004 0.000000 -1.000000 0.000006 
					</float_array>
					<technique_common>
						<accessor count="300" offset="0" source="#meshId4-bitangents-array" stride="3">
							<param name="X" type="float" />
							<param name="Y" type="float" />
							<param name="Z" type="float" />
						</accessor>
					</technique_common>
				</source>
				<source id="meshId4-tex0" name="meshId4-tex0">
					<float_array id="meshId4-tex0-array" count="600"> 
						0.978114 0.753583 0.977032 0.753583 0.977032 0.751678 0.982270 0.753582 0.985332 0.751678 0.985332 0.753582 0.654102 0.964851 0.648391 0.964851 0.648391 0.962947 0.657442 0.962947 0.657442 0.964851 0.970704 0.817407 0.975943 0.817407 0.975943 0.819311 0.967642 0.819311 0.967642 0.817407 0.651729 0.953558 0.657442 0.953558 0.657442 0.955462 0.648391 0.955462 0.648391 0.953558 0.649551 0.953558 0.958253 0.751678 0.967303 0.751678 0.967303 0.759979 0.958253 0.759979 0.654102 0.946071 0.648391 0.946071 0.648391 0.944168 0.657442 0.944168 0.657442 0.946071 0.970704 0.822102 0.975943 0.822102 0.975943 0.824006 0.967642 0.824006 0.967642 0.822101 0.651729 0.939473 0.657442 0.939473 0.657442 0.941377 0.648391 0.941377 0.648391 0.939473 0.761068 0.315056 0.770118 0.315056 0.770118 0.323356 0.761068 0.323356 0.982270 0.758277 0.977032 0.758278 0.977032 0.756373 0.985332 0.756373 0.985332 0.758277 0.654102 0.978935 0.648391 0.978935 0.648391 0.977032 0.657442 0.977032 0.657442 0.978935 0.970704 0.826796 0.975943 0.826797 0.975943 0.828700 0.967642 0.828700 0.967642 0.826796 0.806660 0.075618 0.812372 0.075618 0.812372 0.077522 0.803322 0.077522 
						0.803322 0.075618 0.808017 0.498156 0.817067 0.498156 0.817067 0.506456 0.808017 0.506456 0.972880 0.781751 0.967642 0.781752 0.967642 0.779848 0.975943 0.779848 0.975943 0.781751 0.654104 0.974241 0.648391 0.974241 0.648391 0.972337 0.657442 0.972337 0.657442 0.974241 0.970702 0.845576 0.975943 0.845576 0.975943 0.847481 0.967642 0.847481 0.967642 0.845576 0.764404 0.296277 0.770118 0.296277 0.770118 0.298181 0.761068 0.298181 0.761068 0.296277 0.779848 0.315056 0.788898 0.315056 0.788898 0.323356 0.779848 0.323356 0.972882 0.805227 0.967642 0.805227 0.967642 0.803322 0.975943 0.803322 0.975943 0.805226 0.975943 0.784543 0.975943 0.786447 0.972882 0.786447 0.967642 0.784543 0.968463 0.786447 0.967642 0.786447 0.766781 0.293486 0.761068 0.293486 0.761068 0.291582 0.770119 0.291582 0.770119 0.293486 0.970702 0.850271 0.975943 0.850271 0.975943 0.852175 0.967642 0.852175 0.967642 0.850271 0.816047 0.061533 0.821762 0.061533 0.821762 0.063438 0.812712 0.063438 0.812712 0.061533 0.813591 0.061533 0.958253 0.742289 0.967303 0.742289 0.967303 0.750589 0.958253 0.750589 0.657442 0.958252 0.657442 0.960157 0.654104 0.960157 0.648391 0.958252 
						0.651453 0.960157 0.648391 0.960157 0.970702 0.854966 0.975943 0.854966 0.975943 0.856870 0.967642 0.856870 0.967642 0.854965 0.970353 0.854966 0.764404 0.310361 0.770118 0.310361 0.770118 0.312266 0.761068 0.312266 0.761068 0.310361 0.958253 0.761068 0.967303 0.761068 0.967303 0.769368 0.958253 0.769368 0.972882 0.814616 0.967642 0.814617 0.967642 0.812712 0.975943 0.812712 0.975943 0.814616 0.654106 0.969547 0.648391 0.969547 0.648391 0.967642 0.657442 0.967642 0.657442 0.969547 0.970700 0.831491 0.975943 0.831492 0.975943 0.833397 0.967642 0.833397 0.967642 0.831491 0.975671 0.981727 0.981387 0.981727 0.981387 0.983632 0.972337 0.983632 0.972337 0.981727 0.977032 0.732899 0.986082 0.732899 0.986082 0.741199 0.977032 0.741199 0.972884 0.791143 0.967642 0.791143 0.967642 0.789237 0.975943 0.789237 0.975943 0.791142 0.651174 0.950768 0.648391 0.950768 0.648391 0.948863 0.654107 0.950768 0.657442 0.948863 0.657442 0.950768 0.970700 0.836186 0.975943 0.836187 0.975943 0.838092 0.967642 0.838092 0.967642 0.836186 0.970092 0.836186 0.783181 0.291582 0.788898 0.291582 0.788898 0.293487 0.779848 0.293487 0.779848 0.291582 0.972884 0.777058 
						0.967642 0.777058 0.967642 0.775153 0.975943 0.775153 0.975943 0.777058 0.779848 0.324446 0.788898 0.324446 0.788898 0.332746 0.779848 0.332746 0.968202 0.772363 0.967642 0.772363 0.967642 0.770458 0.972884 0.772363 0.975943 0.770458 0.975943 0.772363 0.654106 0.983632 0.648391 0.983632 0.648391 0.981727 0.657442 0.981727 0.657442 0.983632 0.970700 0.840881 0.975943 0.840881 0.975943 0.842787 0.967642 0.842787 0.967642 0.840881 0.783181 0.296277 0.788898 0.296277 0.788898 0.298182 0.779848 0.298182 0.779848 0.296277 0.780447 0.296277 0.704730 0.446512 0.713780 0.446512 0.713780 0.454812 0.704730 0.454812 0.770118 0.305666 0.770118 0.307572 0.766785 0.307572 0.761068 0.305666 0.763570 0.307572 0.761068 0.307572 0.970698 0.793932 0.975943 0.793933 0.975943 0.795839 0.967642 0.795839 0.967642 0.793932 0.969831 0.793932 0.816043 0.038059 0.821762 0.038059 0.821762 0.039965 0.812712 0.039965 0.812712 0.038059 0.779848 0.305666 0.788898 0.305666 0.788898 0.313966 0.779848 0.313966 0.982276 0.767669 0.977032 0.767669 0.977032 0.765763 0.985332 0.765763 0.985332 0.767669 0.785565 0.302877 0.779848 0.302877 0.779848 0.300971 0.788898 0.300971 
						0.788898 0.302877 0.970698 0.798627 0.975943 0.798628 0.975943 0.800533 0.967642 0.800533 0.967642 0.798627 0.684587 0.469987 0.690306 0.469987 0.690306 0.471893 0.681255 0.471893 0.681255 0.469987 0.761068 0.324446 0.770118 0.324446 0.770118 0.332746 0.761068 0.332746 0.982276 0.762974 0.977032 0.762975 0.977032 0.761068 0.985332 0.761068 0.985332 0.762974 0.766785 0.302877 0.761068 0.302877 0.761068 0.300971 0.770118 0.300971 0.770118 0.302877 0.970698 0.808017 0.975943 0.808017 0.975943 0.809923 0.967642 0.809923 0.967642 0.808017 0.816043 0.094397 0.821762 0.094397 0.821762 0.096304 0.812712 0.096304 0.812712 0.094397 0.977032 0.742289 0.986082 0.742289 0.986082 0.750589 0.977032 0.750589 0.780397 0.002406 0.775153 0.002406 0.775153 0.000500 0.783453 0.000500 0.783453 0.002406 
					</float_array>
					<technique_common>
						<accessor count="300" offset="0" source="#meshId4-tex0-array" stride="2">
							<param name="S" type="float" />
							<param name="T" type="float" />
						</accessor>
					</technique_common>
				</source>
				<vertices id="meshId4-vertices">
					<input semantic="POSITION" source="#meshId4-positions" />
				</vertices>
				<polylist count="180" material="defaultMaterial">
					<input offset="0" semantic="VERTEX" source="#meshId4-vertices" />
					<input offset="0" semantic="NORMAL" source="#meshId4-normals" />
					<input offset="0" semantic="TANGENT" source="#meshId4-tangents" />
					<input offset="0" semantic="BINORMAL" source="#meshId4-bitangents" />
					<input offset="0" semantic="TEXCOORD" source="#meshId4-tex0" set="0" />
					<vcount>
						3 3 3 3 3 3 3 3 3 3 3 3 3 3 3 3 3 3 3 3 3 3 3 3 3 3 3 3 3 3 3 3 3 3 3 3 3 3 3 3 3 3 3 3 3 3 3 3 3 3 3 3 3 3 3 3 3 3 3 3 3 3 3 3 
						3 3 3 3 3 3 3 3 3 3 3 3 3 3 3 3 3 3 3 3 3 3 3 3 3 3 3 3 3 3 3 3 3 3 3 3 3 3 3 3 3 3 3 3 3 3 3 3 3 3 3 3 3 3 3 3 3 3 3 3 3 3 3 3 
						3 3 3 3 3 3 3 3 3 3 3 3 3 3 3 3 3 3 3 3 3 3 3 3 3 3 3 3 3 3 3 3 3 3 3 3 3 3 3 3 3 3 3 3 3 3 3 3 3 3 3 3 
					</vcount>
					<p>
						0 1 2 3 0 2 3 2 4 3 4 5 6 7 8 6 8 9 6 9 10 11 12 13 11 13 14 11 14 15 16 17 18 16 18 19 19 20 21 16 19 21 22 23 24 24 25 22 26 27 28 26 28 29 26 29 30 31 32 33 31 33 34 31 34 35 36 37 38 36 38 39 36 39 40 41 42 43 43 44 41 45 46 47 45 47 48 45 48 49 50 51 52 50 52 53 50 53 54 55 56 57 55 57 58 55 58 59 60 61 62 60 62 63 60 63 64 65 66 67 67 68 65 69 70 71 69 71 72 69 72 73 74 75 76 74 76 77 74 77 78 79 80 81 79 81 82 79 82 83 84 85 86 84 86 87 84 87 88 89 90 91 91 92 89 93 94 95 93 95 96 93 96 97 98 99 100 101 98 100 101 100 102 101 102 103 104 105 106 104 106 107 
						104 107 108 109 110 111 109 111 112 109 112 113 114 115 116 114 116 117 117 118 119 114 117 119 120 121 122 122 123 120 124 125 126 127 124 126 127 126 128 127 128 129 130 131 132 130 132 133 133 134 135 130 133 135 136 137 138 136 138 139 136 139 140 141 142 143 143 144 141 145 146 147 145 147 148 145 148 149 150 151 152 150 152 153 150 153 154 155 156 157 155 157 158 155 158 159 160 161 162 160 162 163 160 163 164 165 166 167 167 168 165 169 170 171 169 171 172 169 172 173 174 175 176 177 174 176 177 176 178 177 178 179 180 181 182 180 182 183 183 184 185 180 183 185 186 187 188 186 188 189 186 189 190 191 192 193 191 193 194 191 194 195 196 197 198 198 199 196 200 201 202 203 200 202 203 202 204 203 204 205 206 207 208 206 208 209 206 209 210 211 212 213 
						211 213 214 211 214 215 216 217 218 216 218 219 219 220 221 216 219 221 222 223 224 224 225 222 226 227 228 229 226 228 229 228 230 229 230 231 232 233 234 232 234 235 235 236 237 232 235 237 238 239 240 238 240 241 238 241 242 243 244 245 245 246 243 247 248 249 247 249 250 247 250 251 252 253 254 252 254 255 252 255 256 257 258 259 257 259 260 257 260 261 262 263 264 262 264 265 262 265 266 267 268 269 269 270 267 271 272 273 271 273 274 271 274 275 276 277 278 276 278 279 276 279 280 281 282 283 281 283 284 281 284 285 286 287 288 286 288 289 286 289 290 291 292 293 293 294 291 295 296 297 295 297 298 295 298 299 
					</p>
				</polylist>
			</mesh>
		</geometry>
		<geometry id="meshId5" name="meshId5_name" >
			<mesh>
				<source id="meshId5-positions" name="meshId5-positions">
					<float_array id="meshId5-positions-array" count="1959"> 
						16.086063 7.499999 -0.000004 16.076965 -25.000002 -0.000004 -50.400002 -25.000002 0.000000 -55.000000 7.499999 0.000000 -55.000000 -25.000002 0.000000 -50.400002 -25.000002 70.000000 16.076965 -25.000002 70.000000 16.084663 2.499999 70.000000 11.086065 7.499999 70.000000 5.434839 7.499995 70.000000 -43.507072 7.499995 70.000000 -55.000000 7.499999 70.000000 -55.000000 -25.000002 70.000000 -55.000000 24.970594 0.000000 16.165413 24.970594 0.000000 16.165409 24.970591 70.000000 16.086063 12.499998 70.000000 21.086063 7.499999 70.000000 55.079346 24.970591 70.000000 55.000000 7.499999 70.000000 60.000000 -31.000004 65.000000 59.687500 -31.000004 67.187500 58.750000 -31.000000 68.750000 57.187500 -31.000000 69.687500 55.000000 -31.000000 70.000000 50.400002 -31.000000 70.000000 50.400002 -31.000004 61.775002 60.000000 -31.000004 61.775002 50.400002 -31.000000 0.000000 55.000000 -31.000000 0.000000 57.187500 -31.000000 0.312500 58.750000 -31.000000 1.250000 59.687500 -31.000000 2.812500 60.000000 -31.000000 5.000000 60.000000 -31.000004 8.225000 50.400002 -31.000004 8.225000 -60.000000 -31.000000 5.000000 -59.687500 -31.000000 2.812500 -58.750000 -31.000000 1.250000 -57.187500 -31.000000 0.312500 -55.000000 -31.000000 0.000000 -50.400002 -31.000000 0.000000 -50.400002 -31.000004 8.225000 -60.000000 -31.000004 8.225000 -50.400002 -31.000000 70.000000 -55.000000 -31.000000 70.000000 -57.187500 -31.000000 69.687500 -58.750000 -31.000000 68.750000 -59.687500 -31.000004 67.187500 -60.000000 -31.000004 65.000000 -60.000000 -31.000004 61.775002 -50.400002 -31.000004 61.775002 55.000000 -25.000002 0.000000 55.000000 -28.000002 0.000000 52.400002 -28.000002 0.000000 50.400002 -26.000002 0.000000 50.400002 -25.000002 0.000000 60.000000 -25.000002 8.225000 60.000000 -26.000002 8.225000 60.000000 -28.000002 6.225002 60.000000 -28.000000 5.000002 60.000000 -25.000000 5.000000 60.000004 -25.000002 47.832230 60.000004 -27.897440 47.832222 
						60.000000 -27.897440 10.225000 60.000000 -25.000002 65.901917 60.000000 -28.000002 65.000000 60.000000 -28.000000 63.775002 60.000000 -26.000002 61.775002 60.000000 -25.000002 61.775002 50.400002 -25.000002 70.000000 50.400002 -26.000002 70.000000 52.400002 -28.000002 70.000000 55.000000 -28.000002 70.000000 55.901924 -25.000002 70.000000 16.076965 -27.897440 70.000000 48.400002 -27.897440 70.000000 -55.000000 -28.000002 70.000000 -52.400002 -28.000002 70.000000 -50.400002 -26.000002 70.000000 -60.000000 -25.000002 61.775002 -60.000000 -26.000002 61.775002 -60.000000 -28.000000 63.775002 -60.000000 -28.000002 65.000000 -60.000000 -25.000002 65.000000 -59.999992 -25.000002 47.797867 -59.999992 -27.897440 47.797867 -60.000000 -27.897440 59.775002 -60.000000 -25.000000 5.000000 -60.000000 -28.000000 5.000002 -60.000000 -28.000002 6.225002 -60.000000 -26.000002 8.224998 -60.000000 -25.000002 8.224998 -50.400002 -26.000002 0.000000 -52.400002 -28.000002 0.000000 -55.000000 -28.000002 0.000000 16.076965 -27.897440 -0.000004 -48.400002 -27.897440 0.000000 50.400002 -25.000002 8.225000 50.066669 -27.897440 8.558334 50.066669 -27.897440 61.441673 50.400002 -25.000002 61.775002 16.076965 -25.000002 8.224998 16.076965 -27.897440 8.225000 50.066669 -27.897440 8.558334 50.400002 -25.000002 8.225000 -50.400002 -25.000002 61.775002 -50.066669 -27.897440 61.441673 -50.066669 -27.897440 8.558332 -50.400002 -25.000002 8.224998 16.076965 -25.000002 61.775002 16.076965 -27.897440 61.775002 -50.066669 -27.897440 61.441673 -50.400002 -25.000002 61.775002 50.400002 -30.000004 61.775002 50.400002 -31.000004 61.775002 50.400002 -31.000000 70.000000 50.400002 -30.000000 70.000000 60.000000 -30.000004 61.775002 60.000000 -31.000004 61.775002 50.400002 -31.000004 61.775002 50.400002 -30.000004 61.775002 60.000000 -31.000004 65.000000 60.000000 -31.000004 61.775002 60.000000 -30.000004 61.775002 50.400002 -30.000000 70.000000 50.400002 -31.000000 70.000000 55.000000 -31.000000 70.000000 
						50.400002 -30.000000 0.000000 50.400002 -31.000000 0.000000 50.400002 -31.000004 8.225000 50.400002 -30.000004 8.225000 55.000000 -31.000000 0.000000 50.400002 -31.000000 0.000000 50.400002 -30.000000 0.000000 60.000000 -30.000004 8.225000 60.000000 -31.000004 8.225000 60.000000 -31.000000 5.000000 50.400002 -30.000004 8.225000 50.400002 -31.000004 8.225000 60.000000 -31.000004 8.225000 60.000000 -30.000004 8.225000 -50.400002 -30.000004 8.225000 -50.400002 -31.000004 8.225000 -50.400002 -31.000000 0.000000 -50.400002 -30.000000 0.000000 -60.000000 -30.000004 8.225000 -60.000000 -31.000004 8.225000 -50.400002 -31.000004 8.225000 -50.400002 -30.000004 8.225000 -60.000000 -31.000000 5.000000 -60.000000 -31.000004 8.225000 -60.000000 -30.000004 8.225000 -50.400002 -30.000000 0.000000 -50.400002 -31.000000 0.000000 -55.000000 -31.000000 0.000000 -50.400002 -30.000000 70.000000 -50.400002 -31.000000 70.000000 -50.400002 -31.000004 61.775002 -50.400002 -30.000004 61.775002 -55.000000 -31.000000 70.000000 -50.400002 -31.000000 70.000000 -50.400002 -30.000000 70.000000 -60.000000 -30.000004 61.775002 -60.000000 -31.000004 61.775002 -60.000000 -31.000004 65.000000 -50.400002 -30.000004 61.775002 -50.400002 -31.000004 61.775002 -60.000000 -31.000004 61.775002 -60.000000 -30.000004 61.775002 55.000000 7.499999 0.000000 55.079346 24.970594 0.000000 -48.400002 -27.897440 70.000000 48.400002 -27.897440 0.000000 -50.400002 -25.000002 8.224998 -50.066669 -27.897440 8.558332 50.400002 -25.000002 61.775002 50.066669 -27.897440 61.441673 60.000000 -27.897440 59.775002 60.000000 -25.000002 55.604675 55.000000 7.499999 70.000000 21.086063 7.499999 70.000000 21.086063 7.499999 69.000000 57.633976 7.499999 69.000000 16.076965 -25.000002 70.000000 16.076965 -25.000002 69.000000 16.084663 2.499999 69.000000 16.084663 2.499999 70.000000 16.076965 -25.000002 70.000000 50.400002 -25.000002 70.000000 50.400002 -25.000002 69.000000 16.076965 -25.000002 69.000000 
						55.901924 -25.000002 70.000000 57.633972 -25.000002 69.000000 60.000000 -25.000002 65.901917 60.000000 -25.000002 61.775002 59.000000 -25.000002 61.775002 59.000000 -25.000002 67.633972 60.000000 -25.000002 55.604675 59.000000 -25.000002 55.604675 -60.000000 -27.897440 10.225000 -52.001163 24.970594 47.866684 -52.001152 24.970591 22.631161 -52.001144 19.166666 22.631165 -52.001144 19.166662 47.866688 -52.001144 7.499999 22.631168 -52.001144 7.499999 47.866699 -52.001144 13.333332 47.866692 -52.001144 13.333330 22.631165 52.002354 7.499999 47.844913 52.002354 7.499999 22.620274 52.002354 13.333330 22.620275 52.002354 13.333336 47.844910 52.081715 24.970591 22.620274 52.002369 24.999998 47.844910 52.002354 19.166666 47.844913 52.002354 19.166666 22.620274 -55.000000 24.970594 0.000000 -56.464466 24.970596 3.535534 -50.000000 24.970592 10.000000 16.165413 24.970592 10.000000 16.165413 24.970594 0.000000 -60.000000 24.970591 22.631163 -50.000000 24.970591 22.631161 -60.000000 24.970596 5.000000 -49.999996 24.970592 60.000000 -49.999992 24.970594 47.866684 -52.001163 24.970594 47.866684 -56.464466 24.970591 66.464478 -60.000000 24.970591 65.000000 -59.999992 24.970594 47.866684 55.079346 24.970591 70.000000 56.543812 24.970591 66.464462 50.079346 24.970592 59.999992 16.165409 24.970592 59.999992 16.165409 24.970591 70.000000 60.000004 24.970594 47.844910 50.000004 24.970594 47.844910 60.079346 24.970591 65.000000 50.079346 24.970592 9.999998 50.079346 24.970591 22.620274 52.081715 24.970591 22.620274 56.543812 24.970596 3.535534 60.079346 24.970596 5.000000 60.079346 24.970591 22.620274 55.079346 24.970594 0.000000 -60.000000 24.970591 22.631163 -60.000000 19.166666 22.631168 -52.001144 19.166666 22.631165 -52.001152 24.970591 22.631161 -59.999992 19.166662 47.866692 -59.999992 24.970594 47.866684 -52.001163 24.970594 47.866684 -52.001144 19.166662 47.866688 -59.999992 7.499999 47.866707 -59.999992 13.333332 47.866699 
						-52.001144 13.333332 47.866692 -52.001144 7.499999 47.866699 -60.000000 13.333330 22.631168 -60.000000 7.499999 22.631172 -52.001144 7.499999 22.631168 -52.001144 13.333330 22.631165 -60.000000 7.499999 22.631172 -59.999992 7.499999 47.866707 -52.001144 7.499999 47.866699 -52.001144 7.499999 22.631168 60.000004 7.499999 47.844917 60.000000 7.499999 22.620277 52.002354 7.499999 22.620274 52.002354 7.499999 47.844913 60.000000 7.499999 22.620277 60.000000 13.333330 22.620275 52.002354 13.333330 22.620275 52.002354 7.499999 22.620274 60.000004 13.333336 47.844917 60.000004 7.499999 47.844917 52.002354 7.499999 47.844913 52.002354 13.333336 47.844910 60.000004 24.970594 47.844910 60.000004 19.166666 47.844913 52.002354 19.166666 47.844913 52.002369 24.999998 47.844910 60.000000 19.166666 22.620274 60.079346 24.970591 22.620274 52.081715 24.970591 22.620274 52.002354 19.166666 22.620274 -62.999992 19.166662 47.866692 -62.999992 20.218214 47.866684 -62.999996 20.218214 22.631161 -62.999996 19.166666 22.631168 -62.999996 13.333330 22.631168 -62.999996 12.281778 22.631172 -62.999992 12.281784 47.866707 -62.999992 13.333332 47.866699 62.999996 19.166666 22.620274 62.999996 20.218214 22.620274 63.000004 20.218214 47.844910 63.000004 19.166666 47.844913 63.000004 13.333336 47.844917 63.000004 12.281784 47.844917 62.999996 12.281778 22.620274 62.999996 13.333330 22.620275 60.657364 23.952206 4.956598 62.999996 20.218214 22.620274 62.999996 19.166666 22.620274 62.999996 13.333330 22.620275 60.294300 7.869843 4.897038 62.999996 12.281778 22.620274 -60.294170 7.869671 4.897135 -62.999996 12.281778 22.631172 -62.999996 13.333330 22.631168 -60.657055 23.952700 4.956640 -62.999996 19.166666 22.631168 -62.999996 20.218214 22.631161 -60.671570 23.929564 65.045303 -62.999992 20.218214 47.866684 -62.999992 19.166662 47.866692 -62.999992 13.333332 47.866699 -60.300381 7.877665 65.107430 -62.999992 12.281784 47.866707 
						60.000004 7.499999 47.844917 60.000000 7.499999 22.620277 -59.999992 7.499999 47.866707 -60.000000 7.499999 22.631172 60.079346 24.970591 22.620274 62.999996 20.218214 22.620274 60.657364 23.952206 4.956598 60.079346 24.970596 5.000000 -60.657055 23.952700 4.956640 -62.999996 20.218214 22.631161 -60.000000 24.970591 22.631163 -60.000000 24.970596 5.000000 60.294300 7.869843 4.897038 62.999996 12.281778 22.620274 60.000000 7.499999 22.620277 60.670921 23.930597 65.045227 63.000004 20.218214 47.844910 60.000004 24.970594 47.844910 60.079346 24.970591 65.000000 63.000004 12.281784 47.844917 60.298405 7.489794 64.984116 60.207745 7.492895 60.596272 60.037083 7.498729 50.596928 60.000004 7.499999 47.844917 -59.999992 24.970594 47.866684 -62.999992 20.218214 47.866684 -60.671570 23.929564 65.045303 -60.000000 24.970591 65.000000 60.298405 7.489794 64.984116 63.000004 12.281784 47.844917 63.000004 13.333336 47.844917 63.000004 19.166666 47.844913 63.000004 20.218214 47.844910 60.670921 23.930597 65.045227 -60.000000 7.499999 22.631172 -62.999996 12.281778 22.631172 -60.294170 7.869671 4.897135 -60.300381 7.877665 65.107430 -62.999992 12.281784 47.866707 -59.999992 7.499999 47.866707 -57.228565 24.970594 0.309792 -58.914265 24.970594 1.239161 -58.917892 24.970591 68.761322 -57.229473 24.970591 69.690338 -55.000000 24.970591 70.000000 57.308781 24.970591 69.690323 58.997078 24.970591 68.761307 58.993690 24.970594 1.239151 57.307934 24.970594 0.309788 60.057270 24.410616 2.788084 58.993690 24.970594 1.239151 -58.914265 24.970594 1.239161 -60.057095 24.410891 2.788111 58.997078 24.970591 68.761307 60.064896 24.398462 67.212936 -60.065258 24.397879 67.212982 -58.917892 24.970591 68.761322 -57.187500 -25.000002 0.312500 -57.184490 7.523425 0.310314 -58.750000 -25.000002 1.250000 -58.807243 7.593696 1.241249 -57.156364 7.524367 69.684326 -57.187500 -25.000002 69.687500 -58.787109 7.597468 68.737312 
						-58.750000 -25.000002 68.750000 -57.228565 24.970594 0.309792 -58.914265 24.970594 1.239161 57.354382 7.489303 69.929993 57.308781 24.970591 69.690323 58.980953 7.490412 68.968773 58.997078 24.970591 68.761307 57.187500 -25.000002 0.312500 57.187500 -28.000002 0.312500 58.750000 -25.000002 1.250000 58.750000 -28.000002 1.250002 59.687500 -28.000002 2.812502 59.687500 -25.000002 2.812500 58.750000 -28.000002 1.250002 58.750000 -25.000002 1.250000 59.743870 -25.000002 67.694824 59.687500 -28.000002 67.187500 58.975479 -25.000002 68.975479 58.750000 -28.000002 68.750000 57.187500 -28.000002 69.687500 57.694832 -25.000002 69.743866 58.750000 -28.000002 68.750000 58.975479 -25.000002 68.975479 -57.187500 -28.000002 69.687500 -58.750000 -28.000002 68.750000 -59.687500 -28.000002 67.187500 -59.687500 -25.000002 67.187500 -58.750000 -28.000002 68.750000 -58.750000 -25.000002 68.750000 -59.687500 -25.000002 2.812500 -59.687500 -28.000002 2.812502 -58.750000 -25.000002 1.250000 -58.750000 -28.000002 1.250002 -57.187500 -28.000002 0.312500 -58.750000 -28.000002 1.250002 59.687500 -31.000004 67.187500 58.750000 -31.000000 68.750000 57.187500 -31.000000 69.687500 58.750000 -31.000000 68.750000 57.187500 -31.000000 0.312500 58.750000 -31.000000 1.250000 59.687500 -31.000000 2.812500 58.750000 -31.000000 1.250000 -59.687500 -31.000000 2.812500 -58.750000 -31.000000 1.250000 -57.187500 -31.000000 0.312500 -58.750000 -31.000000 1.250000 -57.187500 -31.000000 69.687500 -58.750000 -31.000000 68.750000 -59.687500 -31.000004 67.187500 -58.750000 -31.000000 68.750000 57.156418 7.523856 0.315872 58.785881 7.595424 1.263493 57.307934 24.970594 0.309788 58.993690 24.970594 1.239151 -55.000000 24.970591 70.000000 -57.229473 24.970591 69.690338 -58.917892 24.970591 68.761322 58.231609 7.499999 68.914627 57.354382 7.489303 69.929993 58.658493 7.499999 68.658493 58.980953 7.490412 68.968773 57.694832 -25.000002 69.743866 58.231609 -25.000002 68.914627 
						58.975479 -25.000002 68.975479 58.658493 -25.000002 68.658493 58.914623 -25.000002 68.231613 59.743870 -25.000002 67.694824 59.000000 7.499999 67.633972 60.298405 7.489794 64.984116 60.032795 7.490279 67.394394 58.914623 7.499999 68.231613 59.845978 7.711738 2.803621 60.057270 24.410616 2.788084 58.785881 7.595424 1.263493 58.993690 24.970594 1.239151 -60.057095 24.410891 2.788111 -59.849918 7.709541 2.775843 -58.914265 24.970594 1.239161 -58.807243 7.593696 1.241249 -59.849396 7.716250 67.198502 -60.065258 24.397879 67.212982 -58.787109 7.597468 68.737312 -58.917892 24.970591 68.761322 60.064896 24.398462 67.212936 60.032795 7.490279 67.394394 58.997078 24.970591 68.761307 58.980953 7.490412 68.968773 49.900002 -28.500002 0.000000 60.000000 -28.500002 8.725000 60.000000 -28.125002 9.350000 60.000000 -28.500002 61.275002 49.900002 -28.500002 70.000000 49.275002 -28.125002 70.000000 -49.900002 -28.500002 70.000000 -60.000000 -28.500002 61.275002 -60.000000 -28.125000 60.650002 -60.000000 -28.500002 8.725000 -49.900002 -28.500002 0.000000 -49.275002 -28.125002 0.000000 60.000000 -29.125002 61.650002 50.275002 -29.125000 70.000000 50.275002 -29.125000 0.000000 60.000000 -29.125002 8.350000 -60.000000 -29.125002 8.350000 -50.275002 -29.125000 0.000000 -50.275002 -29.125000 70.000000 -60.000000 -29.125002 61.650002 -49.275002 -28.125002 70.000000 49.275002 -28.125002 0.000000 60.000000 -28.125000 60.650002 -60.000000 -28.125002 9.350000 50.066669 -27.897440 61.441673 60.000000 -27.897440 59.775002 60.000000 -28.125000 60.650002 50.261242 -27.927753 61.636246 60.000000 -28.500002 61.275002 50.355659 -28.221701 61.730667 60.000000 -27.897440 10.225000 50.066669 -27.897440 8.558334 50.261246 -27.927753 8.363760 60.000000 -28.125002 9.350000 50.355659 -28.221699 8.269341 60.000000 -28.500002 8.725000 -50.066669 -27.897440 8.558332 -60.000000 -27.897440 10.225000 -60.000000 -28.125002 9.350000 -50.261242 -27.927753 8.363758 
						-60.000000 -28.500002 8.725000 -50.355659 -28.221701 8.269339 -60.000000 -27.897440 59.775002 -50.066669 -27.897440 61.441673 -50.261246 -27.927753 61.636246 -60.000000 -28.125000 60.650002 -50.355659 -28.221699 61.730667 -60.000000 -28.500002 61.275002 48.400002 -27.897440 70.000000 49.275002 -28.125002 70.000000 49.900002 -28.500002 70.000000 -48.400002 -27.897440 0.000000 -49.275002 -28.125002 0.000000 -49.900002 -28.500002 0.000000 50.275002 -29.125000 70.000000 50.377831 -29.110849 61.752831 49.900002 -28.500002 70.000000 50.355659 -28.221701 61.730667 50.377831 -29.110849 61.752831 60.000000 -29.125002 61.650002 50.355659 -28.221701 61.730667 60.000000 -28.500002 61.275002 50.377831 -29.110849 8.247171 50.275002 -29.125000 0.000000 50.355659 -28.221699 8.269341 49.900002 -28.500002 0.000000 60.000000 -29.125002 8.350000 50.377831 -29.110849 8.247171 60.000000 -28.500002 8.725000 50.355659 -28.221699 8.269341 -50.275002 -29.125000 0.000000 -50.377831 -29.110849 8.247169 -49.900002 -28.500002 0.000000 -50.355659 -28.221701 8.269339 -50.377831 -29.110849 8.247169 -60.000000 -29.125002 8.350000 -50.355659 -28.221701 8.269339 -60.000000 -28.500002 8.725000 -50.377831 -29.110849 61.752831 -50.275002 -29.125000 70.000000 -50.355659 -28.221699 61.730667 -49.900002 -28.500002 70.000000 -60.000000 -29.125002 61.650002 -50.377831 -29.110849 61.752831 -60.000000 -28.500002 61.275002 -50.355659 -28.221699 61.730667 -48.400002 -27.897440 70.000000 -49.275002 -28.125002 70.000000 -49.900002 -28.500002 70.000000 48.400002 -27.897440 0.000000 49.275002 -28.125002 0.000000 49.900002 -28.500002 0.000000 59.000004 7.499998 60.598999 60.207745 7.492895 60.596272 60.037083 7.498729 50.596928 60.088371 2.496451 55.597736 59.000004 2.499970 55.599842 59.000000 -25.000002 55.604675 60.000000 -25.000002 55.604675 60.088371 2.496451 55.597736 16.397778 4.687499 70.000000 17.335716 6.249999 70.000000 18.898479 7.187499 70.000000 60.207745 7.492895 60.596272 
						60.161549 7.181943 58.408939 60.126251 6.245549 56.846741 60.101860 4.683720 55.909672 18.898479 7.187499 70.000000 18.898479 7.187499 69.000000 17.335716 6.249999 70.000000 17.335716 6.249999 69.000000 16.397778 4.687499 69.000000 16.397778 4.687499 70.000000 17.335716 6.249999 69.000000 17.335716 6.249999 70.000000 59.000004 7.187497 58.411537 60.161549 7.181943 58.408939 59.000004 6.249993 56.849190 60.126251 6.245549 56.846741 60.101860 4.683720 55.909672 59.000004 4.687481 55.911961 60.126251 6.245549 56.846741 59.000004 6.249993 56.849190 -50.000000 24.970591 22.631161 -60.000000 24.970591 22.631163 -52.001152 24.970591 22.631161 -52.001152 24.970591 22.631161 50.000004 24.970594 47.844910 60.000004 24.970594 47.844910 52.002369 24.999998 47.844910 50.000004 24.970594 47.844910 52.002369 24.999998 47.844910 52.081715 24.970591 22.620274 -37.892628 16.249998 70.000000 -43.498405 24.970591 70.000000 5.456421 24.970591 70.000000 -0.164480 16.249998 70.000000 5.467212 24.970592 60.000008 5.461816 24.970591 65.000000 5.456421 24.970591 70.000000 -43.498405 24.970591 70.000000 -43.489735 24.970591 65.000000 -43.481064 24.970592 60.000008 -37.892628 16.249998 70.000000 -0.164480 16.249998 70.000000 -0.164480 16.249998 65.000000 -37.892628 16.249998 65.000000 5.456421 24.970591 70.000000 5.461816 24.970591 65.000000 -0.164480 16.249998 65.000000 -0.164480 16.249998 65.000000 -0.164480 16.249998 70.000000 5.456421 24.970591 70.000000 -43.498405 24.970591 70.000000 -37.892628 16.249998 70.000000 -37.892628 16.249998 65.000000 -37.892628 16.249998 65.000000 -43.489735 24.970591 65.000000 -43.498405 24.970591 70.000000 -37.892628 16.249998 65.000000 -0.164480 16.249998 65.000000 5.461816 24.970591 65.000000 -43.489735 24.970591 65.000000 50.066669 -27.897440 61.441673 50.066669 -27.897440 8.558334 60.000000 -27.897440 10.225000 60.000000 -27.897440 59.775002 60.000004 -27.897440 47.832222 
						-59.999992 -27.897440 47.797867 -60.000000 -27.897440 10.225000 -50.066669 -27.897440 8.558332 -50.066669 -27.897440 61.441673 -60.000000 -27.897440 59.775002 48.400002 -27.897440 70.000000 16.076965 -27.897440 70.000000 16.076965 -27.897440 61.775002 -48.400002 -27.897440 0.000000 16.076965 -27.897440 -0.000004 16.076965 -27.897440 8.225000 -48.400002 -27.897440 70.000000 48.400002 -27.897440 0.000000 
					</float_array>
					<technique_common>
						<accessor count="653" offset="0" source="#meshId5-positions-array" stride="3">
							<param name="X" type="float" />
							<param name="Y" type="float" />
							<param name="Z" type="float" />
						</accessor>
					</technique_common>
				</source>
				<source id="meshId5-normals" name="meshId5-normals">
					<float_array id="meshId5-normals-array" count="1959"> 
						0.000000 0.000000 -1.000000 0.000000 -0.000000 -1.000000 -0.000000 -0.000000 -1.000000 -0.070504 -0.000013 -0.997511 -0.070889 -0.000000 -0.997484 0.000000 0.000000 1.000000 0.000000 0.000000 1.000000 0.000000 0.000000 1.000000 0.000000 0.000000 1.000000 0.000000 0.000000 1.000000 0.000000 0.000000 1.000000 -0.072469 -0.000216 0.997371 -0.070926 0.000056 0.997482 -0.069126 -0.000174 -0.997608 0.000000 0.000000 -1.000000 0.000000 0.000000 1.000000 0.000000 0.000000 1.000000 0.000000 0.000000 1.000000 0.064551 0.006405 0.997894 0.014841 -0.000067 0.999890 0.000000 -1.000000 0.000000 0.000000 -1.000000 0.000000 0.000000 -1.000000 0.000000 0.000000 -1.000000 0.000000 0.000000 -1.000000 0.000000 0.000000 -1.000000 0.000000 0.000000 -1.000000 0.000000 0.000000 -1.000000 0.000000 0.000000 -1.000000 0.000000 0.000000 -1.000000 0.000000 0.000000 -1.000000 0.000000 0.000000 -1.000000 0.000000 0.000000 -1.000000 0.000000 0.000000 -1.000000 0.000000 0.000000 -1.000000 0.000000 0.000000 -1.000000 0.000000 0.000000 -1.000000 0.000000 0.000000 -1.000000 0.000000 0.000000 -1.000000 0.000000 0.000000 -1.000000 0.000000 0.000000 -1.000000 0.000000 0.000000 -1.000000 0.000000 0.000000 -1.000000 0.000000 0.000000 -1.000000 0.000000 0.000000 -1.000000 0.000000 0.000000 -1.000000 0.000000 0.000000 -1.000000 0.000000 0.000000 -1.000000 0.000000 0.000000 -1.000000 0.000000 0.000000 -1.000000 0.000000 0.000000 -1.000000 0.000000 0.000000 -1.000000 0.000000 0.070927 0.000057 -0.997482 0.070889 -0.000000 -0.997484 -0.000000 -0.000000 -1.000000 0.000000 -0.000000 -1.000000 0.000000 -0.000000 -1.000000 0.999995 -0.002695 0.001356 1.000000 -0.000000 -0.000000 1.000000 0.000000 0.000000 0.997484 0.000000 -0.070889 0.997478 -0.004577 -0.070832 1.000000 -0.000000 0.000000 1.000000 0.000000 0.000000 
						1.000000 -0.000000 -0.000000 0.996150 -0.025238 0.083949 0.997892 -0.008684 0.064318 1.000000 0.000000 0.000000 1.000000 0.000000 0.000000 1.000000 0.000000 0.000000 0.000000 0.000000 1.000000 0.000000 0.000000 1.000000 0.000000 0.000000 1.000000 0.064318 -0.008684 0.997892 0.083949 -0.025238 0.996150 0.000000 0.000000 1.000000 0.000000 0.000000 1.000000 -0.070889 0.000000 0.997484 0.000000 0.000000 1.000000 0.000000 0.000000 1.000000 -0.999995 -0.002731 -0.001389 -1.000000 0.000000 -0.000000 -1.000000 0.000000 0.000000 -0.997484 0.000000 0.070889 -0.997478 -0.004673 0.070829 -1.000000 0.000000 -0.000000 -1.000000 0.000000 -0.000000 -1.000000 0.000000 -0.000000 -0.997434 -0.003563 -0.071503 -0.997484 0.000000 -0.070889 -1.000000 0.000000 0.000000 -1.000000 0.000000 0.000000 -0.999995 -0.002694 0.001355 -0.000000 0.000000 -1.000000 -0.000000 0.000000 -1.000000 -0.070889 -0.000000 -0.997484 0.000000 0.000000 -1.000000 -0.000000 0.000000 -1.000000 -0.993447 0.114290 0.000000 -0.993447 0.114290 0.000000 -0.993447 0.114290 0.000000 -0.993447 0.114290 0.000000 -0.002188 0.004717 0.999987 -0.002384 -0.000000 0.999997 -0.000495 0.108554 0.994090 -0.000000 0.114290 0.993447 0.993447 0.114290 0.000000 0.993447 0.114290 0.000000 0.993447 0.114290 0.000000 0.993447 0.114290 0.000000 -0.002188 0.004717 -0.999987 -0.002384 0.000000 -0.999997 0.000131 0.111338 -0.993783 0.000000 0.114290 -0.993447 -0.999844 -0.016654 -0.005883 -1.000000 0.000000 0.000000 -1.000000 0.000000 0.000000 -0.997484 -0.070889 0.000000 -0.005091 -0.067471 -0.997708 0.000000 0.000000 -1.000000 0.000000 0.000000 -1.000000 0.000000 -0.012563 -0.999921 0.997484 0.000000 0.070889 1.000000 0.000000 0.000000 1.000000 0.000000 0.000000 0.000000 0.000000 1.000000 0.000000 0.000000 1.000000 0.070889 0.000000 0.997484 
						-0.997742 -0.066905 0.005878 -1.000000 0.000000 0.000000 -1.000000 0.000000 0.000000 -0.999921 -0.012563 0.000000 0.070889 0.000000 -0.997484 0.000000 0.000000 -1.000000 0.000000 -0.000000 -1.000000 1.000000 0.000000 0.000000 1.000000 0.000000 0.000000 0.997484 0.000000 -0.070889 -0.005094 -0.016072 0.999858 0.000000 0.000000 1.000000 0.000000 0.000000 1.000000 0.000000 -0.070889 0.997484 0.999844 -0.016654 0.005883 1.000000 0.000000 0.000000 1.000000 0.000000 0.000000 0.997484 -0.070889 0.000000 0.005091 -0.067471 0.997708 0.000000 0.000000 1.000000 0.000000 0.000000 1.000000 0.000000 -0.012562 0.999921 -0.997484 0.000000 -0.070889 -1.000000 0.000000 0.000000 -1.000000 0.000000 0.000000 -0.000000 -0.000000 -1.000000 0.000000 0.000000 -1.000000 -0.070889 0.000000 -0.997484 0.997742 -0.066905 -0.005878 1.000000 0.000000 0.000000 1.000000 0.000000 0.000000 0.999921 -0.012563 0.000000 -0.070889 0.000000 0.997484 0.000000 0.000000 1.000000 0.000000 0.000000 1.000000 -1.000000 0.000000 0.000000 -1.000000 0.000000 0.000000 -0.997484 0.000000 0.070889 0.005094 -0.016073 -0.999858 0.000000 0.000000 -1.000000 0.000000 0.000000 -1.000000 0.000000 -0.070889 -0.997484 0.072410 -0.000378 -0.997375 0.069204 -0.000314 -0.997602 0.000000 0.000000 1.000000 0.000000 0.000000 -1.000000 0.000000 0.114290 0.993447 0.000131 0.111338 0.993783 0.000000 0.114290 -0.993447 -0.000495 0.108553 -0.994091 1.000000 -0.000000 0.000000 1.000000 -0.000159 -0.000669 -0.000471 -0.999999 -0.001403 0.070886 -0.997484 0.000000 0.070886 -0.997484 0.000000 0.000000 -1.000000 0.000000 1.000000 -0.000280 0.000000 1.000000 -0.000280 0.000000 0.997464 -0.071165 -0.000000 0.997464 -0.071165 -0.000000 0.000000 1.000000 0.000000 0.000000 1.000000 0.000000 0.000000 1.000000 0.000000 0.000000 1.000000 0.000000 
						0.000000 1.000000 0.000000 0.000000 1.000000 0.000000 0.000000 1.000000 0.000000 0.000000 1.000000 0.000000 0.000000 1.000000 0.000000 0.000000 1.000000 0.000000 0.000000 1.000000 0.000000 0.000000 1.000000 0.000000 -1.000000 0.000000 0.000000 -1.000000 -0.000003 -0.000000 -1.000000 -0.000001 -0.000000 -1.000000 -0.000001 -0.000000 -1.000000 -0.000002 -0.000000 -1.000000 0.000000 0.000000 -1.000000 0.000000 0.000000 -1.000000 0.000000 0.000000 -1.000000 0.000000 0.000000 1.000000 0.000000 0.000000 1.000000 0.000000 0.000000 1.000000 0.000000 0.000000 1.000000 0.000000 0.000000 0.999931 -0.011696 0.000455 0.999995 -0.000003 0.003145 0.999999 -0.000986 0.001346 0.999977 -0.006836 0.000000 0.000000 1.000000 0.000000 0.000000 1.000000 0.000000 0.000000 1.000000 0.000000 0.000000 1.000000 0.000000 0.000000 1.000000 0.000000 0.000000 1.000000 0.000000 0.000000 1.000000 0.000000 0.000000 1.000000 0.000000 0.000000 1.000000 0.000000 0.000000 1.000000 0.000000 0.000000 1.000000 0.000000 0.000000 1.000000 0.000000 0.000000 1.000000 0.000000 0.000000 1.000000 0.000000 0.000000 1.000000 0.000000 0.000000 1.000000 0.000000 0.000000 1.000000 0.000000 0.000000 1.000000 0.000000 0.000000 1.000000 0.000000 0.000000 1.000000 0.000000 0.000000 1.000000 0.000000 0.000000 1.000000 0.000000 0.000000 1.000000 0.000000 0.000000 1.000000 0.000000 0.000000 1.000000 0.000000 0.000000 1.000000 0.000000 0.000000 1.000000 0.000000 0.000000 1.000000 0.000000 0.000000 1.000000 0.000000 -0.000000 0.000001 1.000000 -0.000000 0.000001 1.000000 0.000000 0.000000 1.000000 0.000000 0.000000 1.000000 -0.000000 -0.000001 -1.000000 0.000000 -0.000002 -1.000000 -0.000000 -0.000001 -1.000000 -0.000000 -0.000001 -1.000000 -0.000001 -0.000001 -1.000000 -0.000001 -0.000001 -1.000000 
						-0.000001 -0.000001 -1.000000 -0.000001 -0.000001 -1.000000 0.000000 0.000001 1.000000 0.000001 0.000001 1.000000 0.000000 0.000001 1.000000 0.000000 0.000000 1.000000 0.000000 1.000000 0.000000 0.000000 1.000000 0.000000 0.000000 1.000000 0.000000 0.000000 1.000000 0.000000 -0.000000 1.000000 0.000000 -0.000000 1.000000 0.000000 -0.000000 1.000000 0.000000 0.000000 1.000000 0.000000 0.000000 -0.000000 1.000000 0.000000 -0.000000 1.000000 -0.000000 0.000000 1.000000 -0.000000 -0.000000 1.000000 0.000000 -0.000000 -1.000000 0.000000 -0.000001 -1.000000 0.000000 -0.000001 -1.000000 0.000000 0.000000 -1.000000 -0.000000 -0.000001 -1.000000 -0.000000 -0.000001 -1.000000 0.000000 -0.000000 -1.000000 -0.000000 -0.000001 -1.000000 0.000000 0.000000 1.000000 0.000000 0.000000 1.000000 0.000000 0.000000 1.000000 0.000000 0.000000 1.000000 0.000003 -0.000003 -1.000000 0.000011 -0.000007 -1.000000 -0.000001 0.000003 1.000000 0.000000 0.000005 1.000000 0.000002 0.000002 1.000000 0.000006 0.000004 1.000000 -0.000000 -0.000002 -1.000000 0.000000 -0.000004 -1.000000 0.000000 0.000000 1.000000 0.000000 0.000000 1.000000 -0.000001 -0.000002 -1.000000 0.000000 -0.000004 -1.000000 -0.000000 -0.000000 -1.000000 -0.000001 0.000000 -1.000000 0.000000 -0.000001 1.000000 0.000000 -0.000002 1.000000 0.977369 -0.014631 -0.211035 0.991320 0.000000 -0.131473 0.996136 -0.000000 -0.087818 0.995431 -0.003864 -0.095404 0.990514 -0.013643 -0.136735 0.988547 0.000000 -0.150915 -0.990526 -0.012370 -0.136767 -0.988559 -0.000001 -0.150833 -0.995436 -0.003861 -0.095354 -0.976552 -0.018926 -0.214448 -0.996140 -0.000000 -0.087777 -0.991328 -0.000001 -0.131411 -0.976698 -0.014886 0.214104 -0.990939 0.000001 0.134314 -0.995967 0.000000 0.089723 -0.995208 -0.004039 0.097701 -0.990327 -0.013933 0.138049 -0.987962 0.000001 0.154699 
						0.999983 -0.001368 -0.005731 0.999978 -0.002707 0.006111 -0.999975 -0.002774 -0.006483 -0.999978 -0.002705 0.006103 0.852734 0.522340 -0.002211 0.851967 0.523591 -0.002308 0.865494 0.497696 -0.056745 0.848784 0.523351 -0.075292 -0.838783 0.542286 -0.048677 -0.845609 0.533802 0.000694 -0.845374 0.534175 0.000663 -0.816710 0.573090 -0.067470 0.847087 -0.531446 0.002976 0.847087 -0.531446 0.002976 0.847087 -0.531446 0.002976 0.864522 0.499651 0.054315 0.845609 0.533802 -0.000708 0.846695 0.532077 -0.000855 0.848582 0.523956 0.073346 0.846200 -0.532684 -0.013876 0.842410 -0.538543 -0.017786 0.842917 -0.537763 -0.017382 0.846494 -0.532223 -0.013646 0.847033 -0.531412 -0.011657 -0.845369 0.534183 -0.000677 -0.845609 0.533802 -0.000710 -0.838926 0.542079 0.048516 -0.816982 0.572683 0.067631 0.990809 -0.011372 0.134788 0.987804 0.000000 0.155704 0.995182 -0.004264 0.097954 0.995975 0.000000 0.089637 0.990956 0.000000 0.134185 0.975698 -0.020441 0.218162 -0.847087 -0.531446 0.002973 -0.847087 -0.531446 0.002973 -0.847087 -0.531446 0.002973 -0.847087 -0.531446 -0.003117 -0.847087 -0.531446 -0.003117 -0.847087 -0.531446 -0.003117 0.000000 1.000000 0.000000 0.000000 1.000000 0.000000 0.000000 1.000000 0.000000 0.000000 1.000000 0.000000 0.000000 1.000000 0.000000 0.000000 1.000000 0.000000 0.000000 1.000000 0.000000 0.000000 1.000000 0.000000 0.000000 1.000000 0.000000 0.701162 0.689500 -0.181554 0.660073 0.726634 -0.190545 -0.616843 0.766676 -0.178079 -0.662691 0.729900 -0.167590 0.664333 0.722581 0.191153 0.705190 0.685318 0.181786 -0.667651 0.725269 0.168010 -0.621987 0.762307 0.178941 -0.334577 -0.000003 -0.942368 -0.324951 -0.000618 -0.945731 -0.706923 -0.000436 -0.707290 -0.679844 -0.003153 -0.733350 -0.328823 -0.001279 0.944391 -0.334506 0.000003 0.942394 -0.678559 -0.004021 0.734535 
						-0.706638 -0.001168 0.707575 -0.316321 -0.001697 -0.948651 -0.643293 -0.005966 -0.765597 0.282350 0.007298 0.959284 0.316253 0.012258 0.948596 0.685557 0.009630 0.727955 0.654161 0.007758 0.756316 0.334512 0.000014 -0.942392 0.334579 -0.000000 -0.942368 0.706647 -0.001126 -0.707565 0.707107 0.000000 -0.707107 0.942368 0.000000 -0.334579 0.942095 -0.003421 -0.335329 0.707107 0.000000 -0.707107 0.706647 -0.001126 -0.707565 0.933128 -0.076928 0.351218 0.944966 -0.035752 0.325208 0.703145 -0.105697 0.703146 0.706099 -0.053359 0.706099 0.325208 -0.035752 0.944966 0.351218 -0.076927 0.933128 0.706099 -0.053359 0.706099 0.703145 -0.105697 0.703146 -0.334579 0.000000 0.942368 -0.707107 0.000000 0.707107 -0.942368 0.000000 0.334579 -0.942091 -0.003502 0.335340 -0.707107 0.000000 0.707107 -0.706638 -0.001168 0.707575 -0.942184 -0.001742 -0.335093 -0.942368 0.000000 -0.334579 -0.706923 -0.000436 -0.707290 -0.707107 -0.000000 -0.707107 -0.334579 -0.000000 -0.942368 -0.707107 -0.000000 -0.707107 0.942368 0.000000 0.334579 0.707107 0.000000 0.707107 0.334579 0.000000 0.942368 0.707107 0.000000 0.707107 0.334579 0.000000 -0.942368 0.707107 0.000000 -0.707107 0.942368 0.000000 -0.334579 0.707107 0.000000 -0.707107 -0.942368 0.000000 -0.334579 -0.707107 0.000000 -0.707107 -0.334579 0.000000 -0.942368 -0.707107 0.000000 -0.707107 -0.334579 0.000000 0.942368 -0.707107 0.000000 0.707107 -0.942368 0.000000 0.334579 -0.707107 0.000000 0.707107 0.328935 -0.002000 -0.944350 0.679574 -0.004628 -0.733592 0.316665 -0.002654 -0.948534 0.654167 -0.007572 -0.756313 -0.068953 -0.000000 0.997620 -0.315755 -0.001221 0.948840 -0.641595 -0.004573 0.767030 -0.011216 -0.999743 -0.019678 -0.005782 -0.999863 -0.015494 -0.014966 -0.999766 -0.015631 -0.014606 -0.999776 -0.015333 0.000000 1.000000 0.000000 0.000000 1.000000 0.000000 
						0.000000 1.000000 0.000000 0.000000 1.000000 0.000000 0.000000 1.000000 0.000000 0.000000 1.000000 0.000000 -0.009440 -0.999955 -0.001054 -0.007884 -0.999969 -0.000150 -0.010604 -0.999941 -0.002290 -0.015872 -0.999832 -0.009190 0.918176 -0.009356 -0.396062 0.894370 -0.011567 -0.447179 0.679574 -0.004628 -0.733592 0.654167 -0.007572 -0.756313 -0.886665 -0.014186 -0.462194 -0.920478 -0.007978 -0.390714 -0.643293 -0.005966 -0.765597 -0.679844 -0.003153 -0.733350 -0.917614 -0.009560 0.397357 -0.885088 -0.009639 0.465324 -0.678559 -0.004021 0.734535 -0.641595 -0.004573 0.767030 0.897428 -0.006246 0.441117 0.938877 0.002609 0.344242 0.654161 0.007758 0.756316 0.685557 0.009630 0.727955 0.000000 -0.000000 -1.000000 1.000000 0.000000 0.000000 1.000000 0.000000 0.000000 1.000000 0.000000 0.000000 0.000000 0.000000 1.000000 0.000000 0.000000 1.000000 0.000000 0.000000 1.000000 -1.000000 0.000000 0.000000 -1.000000 0.000000 0.000000 -1.000000 0.000000 0.000000 -0.000000 -0.000000 -1.000000 -0.000000 -0.000000 -1.000000 1.000000 0.000000 0.000000 0.000000 0.000000 1.000000 0.000000 -0.000000 -1.000000 1.000000 0.000000 0.000000 -1.000000 0.000000 0.000000 -0.000000 -0.000000 -1.000000 0.000000 0.000000 1.000000 -1.000000 0.000000 0.000000 0.000000 0.000000 1.000000 0.000000 -0.000000 -1.000000 1.000000 0.000000 0.000000 -1.000000 0.000000 0.000000 -0.082186 -0.993463 -0.079227 -0.042194 -0.966944 -0.251474 -0.055536 -0.923963 -0.378428 -0.282536 -0.914743 -0.288824 -0.069318 -0.848806 -0.524141 -0.612087 -0.429470 -0.664007 -0.044681 -0.967332 0.249544 -0.077824 -0.993341 0.084953 -0.281348 -0.915418 0.287844 -0.048093 -0.921498 0.385393 -0.655874 -0.427462 0.622178 -0.048994 -0.856463 0.513878 0.082185 -0.993463 0.079226 0.042194 -0.966944 0.251474 0.055536 -0.923963 0.378428 0.282537 -0.914742 0.288824 
						0.069318 -0.848806 0.524141 0.612086 -0.429465 0.664011 0.044681 -0.967332 -0.249544 0.077824 -0.993341 -0.084953 0.281348 -0.915417 -0.287844 0.048093 -0.921498 -0.385394 0.655874 -0.427460 -0.622179 0.048994 -0.856463 -0.513878 -0.249022 -0.967106 -0.051911 -0.384989 -0.921213 -0.056127 -0.513656 -0.856093 -0.057115 0.249022 -0.967106 0.051911 0.384989 -0.921213 0.056127 0.513656 -0.856093 0.057115 -0.943571 -0.331109 -0.006355 -0.998655 -0.039557 -0.033523 -0.874181 -0.485378 -0.014698 -0.998092 -0.026276 -0.055882 -0.005764 -0.028462 -0.999578 -0.032524 -0.320962 -0.946533 -0.012996 -0.049571 -0.998686 -0.055275 -0.513709 -0.856182 -0.999555 -0.029047 0.006786 -0.947117 -0.318666 0.037694 -0.998435 -0.053697 0.015605 -0.855711 -0.513427 0.064431 -0.005392 -0.331603 0.943404 -0.028872 -0.037483 0.998880 -0.012220 -0.489538 0.871897 -0.047929 -0.026092 0.998510 0.943571 -0.331109 0.006355 0.998655 -0.039557 0.033523 0.874180 -0.485379 0.014698 0.998092 -0.026277 0.055882 0.005764 -0.028463 0.999578 0.032524 -0.320963 0.946533 0.012996 -0.049575 0.998686 0.055275 -0.513709 0.856182 0.999555 -0.029047 -0.006786 0.947117 -0.318666 -0.037694 0.998435 -0.053698 -0.015605 0.855711 -0.513427 -0.064431 0.005392 -0.331603 -0.943404 0.028872 -0.037482 -0.998880 0.012220 -0.489537 -0.871897 0.047929 -0.026089 -0.998510 0.251396 -0.966645 -0.048957 0.376862 -0.924028 -0.064390 0.525385 -0.847034 -0.080646 -0.251396 -0.966645 0.048957 -0.376862 -0.924029 0.064390 -0.525383 -0.847035 0.080646 -0.005889 -0.997492 0.070531 -0.005543 -0.997554 0.069686 0.999894 -0.004267 -0.013938 0.999900 -0.003471 -0.013727 0.001696 -0.070812 0.997488 0.000000 0.000176 1.000000 0.000049 0.000178 1.000000 0.001701 -0.070711 0.997495 0.000000 0.000000 1.000000 0.000000 0.000000 1.000000 0.000000 0.000000 1.000000 0.999452 -0.028374 -0.017075 
						0.999533 -0.025429 -0.016956 0.999830 -0.009018 -0.016073 0.999876 -0.005117 -0.014903 0.334541 -0.942381 -0.000000 0.334541 -0.942381 0.000000 0.707008 -0.707206 -0.000000 0.707008 -0.707206 0.000000 0.942287 -0.334805 -0.000000 0.942287 -0.334805 -0.000000 0.707008 -0.707206 0.000000 0.707008 -0.707206 -0.000000 -0.003937 -0.942576 0.333968 -0.003644 -0.943186 0.332246 -0.001382 -0.707615 0.706597 -0.001226 -0.708582 0.705628 0.000795 -0.335198 0.942147 0.000779 -0.334937 0.942240 -0.001226 -0.708582 0.705628 -0.001382 -0.707615 0.706597 0.000000 -1.000000 0.000000 0.000000 -1.000000 0.000000 0.000000 -1.000000 0.000000 0.000000 1.000000 0.000000 0.000000 0.000000 1.000000 0.000000 0.000000 1.000000 0.000000 0.000000 1.000000 -0.014684 0.999891 -0.001212 -0.014684 0.999891 -0.001212 -0.014684 0.999891 -0.001212 0.000000 0.000000 1.000000 0.000000 0.000000 1.000000 0.000000 0.000000 1.000000 0.000000 0.000000 1.000000 0.000000 1.000000 0.000000 0.000000 1.000000 0.000000 0.000000 1.000000 0.000000 0.000000 1.000000 0.000000 0.000000 1.000000 0.000000 0.000000 1.000000 0.000000 0.000000 1.000000 0.000000 0.000000 1.000000 0.000000 0.000000 1.000000 0.000000 0.000000 1.000000 0.000000 -0.840292 0.542134 -0.000907 -0.840292 0.542134 -0.000907 -0.840292 0.542134 -0.000907 -0.840529 0.541767 0.000000 -0.840529 0.541767 -0.000000 -0.840529 0.541767 0.000000 0.841192 0.540736 0.000000 0.841192 0.540736 0.000000 0.841192 0.540736 0.000000 0.841572 0.540143 0.001459 0.841572 0.540143 0.001459 0.841572 0.540143 0.001459 0.000000 0.000000 1.000000 0.000000 0.000000 1.000000 0.000000 0.000000 1.000000 0.000000 0.000000 1.000000 0.000000 -1.000000 0.000000 0.000000 -1.000000 0.000000 0.000000 -1.000000 0.000000 0.000000 -1.000000 0.000000 0.000000 -1.000000 0.000000 
						0.000000 -1.000000 0.000000 0.000000 -1.000000 0.000000 0.000000 -1.000000 0.000000 0.000000 -1.000000 0.000000 0.000000 -1.000000 0.000000 0.000000 -1.000000 0.000000 0.000000 -1.000000 0.000000 0.000000 -1.000000 0.000000 0.000000 -1.000000 0.000000 0.000000 -1.000000 0.000000 0.000000 -1.000000 0.000000 0.000000 -1.000000 0.000000 0.000000 -1.000000 0.000000 
					</float_array>
					<technique_common>
						<accessor count="653" offset="0" source="#meshId5-normals-array" stride="3">
							<param name="X" type="float" />
							<param name="Y" type="float" />
							<param name="Z" type="float" />
						</accessor>
					</technique_common>
				</source>
				<source id="meshId5-tangents" name="meshId5-tangents">
					<float_array id="meshId5-tangents-array" count="1959"> 
						-1.000000 -0.000000 -0.000000 -1.000000 -0.000000 -0.000000 -1.000000 0.000001 0.000000 -0.997511 0.000003 0.070504 -0.997484 0.000000 0.070889 1.000000 0.000003 0.000000 1.000000 -0.000000 0.000000 1.000000 0.000001 0.000000 1.000000 -0.000001 0.000000 1.000000 -0.000002 0.000000 1.000000 -0.000000 -0.000000 0.997371 -0.000003 0.072469 0.997482 -0.000000 0.070926 -0.997608 0.000000 0.069126 -1.000000 0.000000 0.000000 1.000000 0.000000 -0.000000 1.000000 -0.000000 -0.000000 1.000000 0.000002 -0.000000 0.997914 0.000000 -0.064552 0.999890 -0.000001 -0.014841 1.000000 0.000000 0.000000 1.000000 -0.000000 0.000010 1.000000 0.000000 -0.000000 1.000000 -0.000000 0.000004 1.000000 0.000000 0.000000 1.000000 0.000000 0.000000 1.000000 0.000000 0.000000 1.000000 0.000000 0.000000 1.000000 -0.000000 -0.000001 1.000000 0.000000 0.000000 1.000000 0.000000 -0.000000 1.000000 -0.000000 0.000008 1.000000 0.000000 0.000002 1.000000 0.000000 0.000019 1.000000 0.000000 0.000000 1.000000 0.000000 0.000000 1.000000 0.000000 0.000001 1.000000 0.000000 0.000008 1.000000 0.000000 0.000002 1.000000 -0.000000 0.000007 1.000000 0.000000 0.000000 1.000000 0.000000 0.000000 1.000000 0.000000 -0.000000 1.000000 0.000000 0.000000 1.000000 0.000000 -0.000000 1.000000 0.000000 0.000000 1.000000 -0.000000 0.000000 1.000000 0.000000 -0.000003 1.000000 0.000000 0.000005 1.000000 0.000000 0.000014 1.000000 -0.000000 0.000001 1.000000 0.000000 0.000000 -0.997482 -0.000000 -0.070927 -0.997484 -0.000000 -0.070889 -1.000000 0.000000 0.000000 -1.000000 -0.000002 -0.000000 -1.000000 -0.000000 -0.000000 0.001356 0.000000 -0.999999 -0.000000 0.000000 -1.000000 0.000000 0.000002 -1.000000 -0.070889 0.000000 -0.997484 -0.070833 0.000000 -0.997488 0.000000 0.000000 -1.000000 0.000000 0.000000 -1.000000 
						-0.000000 -0.000001 -1.000000 0.083975 0.000000 -0.996468 0.064321 0.000001 -0.997929 0.000000 -0.000001 -1.000000 0.000000 -0.000002 -1.000000 0.000000 -0.000001 -1.000000 1.000000 0.000004 -0.000000 1.000000 0.000006 0.000000 1.000000 0.000003 -0.000000 0.997929 -0.000000 -0.064321 0.996468 -0.000000 -0.083976 1.000000 0.000000 0.000000 1.000000 -0.000013 -0.000000 0.997484 0.000000 0.070889 1.000000 -0.000003 0.000000 1.000000 0.000012 -0.000000 -0.001389 0.000002 0.999999 -0.000000 0.000008 1.000000 0.000000 0.000003 1.000000 0.070889 -0.000005 0.997484 0.070830 -0.000005 0.997488 -0.000000 -0.000000 1.000000 -0.000000 -0.000000 1.000000 -0.000000 -0.000001 1.000000 -0.071504 -0.000001 0.997440 -0.070889 -0.000001 0.997484 0.000000 -0.000004 1.000000 0.000000 0.000006 1.000000 0.001355 0.000001 0.999999 -1.000000 0.000005 0.000000 -1.000000 -0.000000 0.000000 -0.997484 0.000000 0.070889 -1.000000 -0.000000 -0.000000 -1.000000 0.000005 0.000000 -0.000000 -0.000000 -1.000000 -0.000000 -0.000000 -1.000000 -0.000000 -0.000000 -1.000000 -0.000000 -0.000000 -1.000000 0.999998 0.000000 0.002188 0.999997 0.000000 0.002384 1.000000 0.000001 0.000498 1.000000 0.000000 0.000000 0.000000 -0.000000 -1.000000 0.000000 -0.000000 -1.000000 0.000000 -0.000000 -1.000000 0.000000 -0.000000 -1.000000 0.999998 -0.000000 -0.002188 0.999997 -0.000000 -0.002384 1.000000 -0.000000 0.000132 1.000000 0.000000 0.000000 0.005884 0.000000 -0.999983 0.000000 -0.000000 -1.000000 0.000000 -0.000000 -1.000000 0.000000 -0.000000 -1.000000 0.999987 0.000001 -0.005102 1.000000 0.000000 0.000000 1.000000 0.000000 0.000000 1.000000 0.000000 0.000000 0.070889 0.000000 -0.997484 0.000000 -0.000002 -1.000000 0.000000 -0.000008 -1.000000 1.000000 0.000008 0.000000 1.000000 0.000004 0.000000 0.997484 -0.000000 -0.070889 
						-0.005892 0.000002 -0.999983 0.000000 0.000000 -1.000000 0.000000 0.000000 -1.000000 -0.000000 0.000000 -1.000000 -0.997484 -0.000000 -0.070889 -1.000000 0.000004 -0.000000 -1.000000 0.000002 -0.000000 0.000000 0.000005 -1.000000 0.000000 0.000001 -1.000000 -0.070889 0.000001 -0.997484 0.999987 -0.000000 0.005095 1.000000 0.000000 0.000000 1.000000 0.000000 0.000000 1.000000 0.000000 0.000000 0.005884 0.000000 -0.999983 0.000000 0.000000 -1.000000 0.000000 0.000000 -1.000000 0.000000 0.000000 -1.000000 0.999987 -0.000002 -0.005102 1.000000 0.000000 0.000000 1.000000 0.000000 0.000000 1.000000 0.000000 0.000000 -0.070889 -0.000000 0.997484 0.000000 -0.000012 1.000000 0.000000 -0.000019 1.000000 -1.000000 -0.000003 0.000000 -1.000000 -0.000004 -0.000000 -0.997484 0.000000 0.070889 -0.005892 -0.000002 -0.999983 0.000000 -0.000000 -1.000000 0.000000 -0.000000 -1.000000 -0.000000 -0.000000 -1.000000 0.997484 0.000000 0.070889 1.000000 -0.000004 0.000000 1.000000 -0.000008 0.000000 0.000000 -0.000000 1.000000 0.000000 0.000000 1.000000 0.070889 -0.000003 0.997484 0.999987 0.000000 0.005095 1.000000 0.000000 0.000000 1.000000 0.000000 0.000000 1.000000 0.000000 0.000000 -0.997375 -0.000008 -0.072410 -0.997602 -0.000000 -0.069204 1.000000 0.000014 0.000000 -1.000000 -0.000005 -0.000000 1.000000 0.000000 0.000000 1.000000 -0.000000 -0.000132 1.000000 0.000000 0.000000 1.000000 0.000001 -0.000498 0.000000 0.000000 -1.000000 -0.000669 -0.000000 -1.000000 1.000000 -0.000471 0.000001 0.997484 0.070886 -0.000000 0.997484 0.070886 -0.000000 1.000000 0.000000 -0.000020 -0.000000 -0.000000 -1.000000 -0.000000 -0.000000 -1.000000 -0.000000 -0.000000 -1.000000 -0.000000 -0.000000 -1.000000 -1.000000 0.000000 0.000000 -1.000000 0.000000 0.000000 -1.000000 0.000000 0.000000 -1.000000 0.000000 0.000000 
						-1.000000 0.000000 -0.000003 -1.000000 0.000000 0.000008 -1.000000 -0.000000 0.000008 -1.000000 0.000000 0.000000 -1.000000 -0.000000 0.000001 -1.000000 -0.000000 0.000034 -1.000000 0.000000 0.000000 -1.000000 0.000000 0.000000 0.000000 0.000001 1.000000 0.000000 0.000000 -1.000000 0.000000 -0.000000 -1.000000 0.000000 0.000000 -1.000000 0.000000 0.000000 -1.000000 0.000000 -0.000000 -1.000000 0.000000 -0.000000 -1.000000 0.000000 -0.000000 -1.000000 0.000000 0.000000 -1.000000 0.000000 -0.000000 -1.000000 0.000000 -0.000000 -1.000000 0.000000 -0.000000 -1.000000 0.000000 -0.000000 -1.000000 0.000455 -0.000000 -1.000000 0.003145 -0.000000 -0.999995 0.001346 -0.000000 -0.999999 -0.000000 -0.000000 -1.000000 -1.000000 -0.000000 -0.000001 -1.000000 -0.000000 -0.000002 -1.000000 -0.000000 -0.000001 -1.000000 -0.000000 0.000000 -1.000000 -0.000000 0.000000 -1.000000 -0.000000 -0.000001 -1.000000 0.000000 0.000000 -1.000000 -0.000000 -0.000003 -1.000000 -0.000000 0.000002 -1.000000 0.000000 0.000000 -1.000000 -0.000000 0.000000 -1.000000 -0.000000 0.000002 -1.000000 -0.000000 -0.000002 -1.000000 0.000000 0.000000 -1.000000 0.000000 -0.000002 -1.000000 0.000000 -0.000002 -1.000000 0.000000 -0.000000 -1.000000 -0.000000 0.000001 -1.000000 -0.000000 0.000000 -1.000000 0.000000 -0.000000 -1.000000 0.000000 0.000000 -1.000000 0.000000 -0.000000 -1.000000 -0.000000 -0.000000 -1.000000 0.000000 0.000000 -1.000000 0.000000 0.000000 -1.000000 0.000000 0.000003 -1.000000 0.000000 0.000003 -1.000000 0.000000 0.000000 -1.000000 0.000000 -0.000002 1.000000 -0.000002 0.000000 1.000000 -0.000002 0.000000 1.000000 -0.000000 -0.000000 1.000000 -0.000000 -0.000000 1.000000 -0.000000 -0.000000 1.000000 -0.000001 0.000000 1.000000 -0.000000 -0.000000 1.000000 -0.000000 -0.000000 1.000000 -0.000000 -0.000001 1.000000 -0.000000 -0.000001 
						1.000000 -0.000000 -0.000001 1.000000 -0.000000 -0.000001 1.000000 -0.000000 -0.000000 1.000000 -0.000002 -0.000001 1.000000 -0.000000 -0.000000 1.000000 -0.000000 -0.000000 -1.000000 0.000000 -0.000000 -1.000000 0.000000 0.000001 -1.000000 0.000000 0.000001 -1.000000 0.000000 -0.000000 -1.000000 -0.000000 0.000001 -1.000000 -0.000000 0.000001 -1.000000 -0.000000 0.000001 -1.000000 -0.000000 0.000001 1.000000 0.000000 -0.000000 1.000000 0.000000 -0.000000 1.000000 0.000000 0.000000 1.000000 0.000000 0.000000 1.000000 0.000000 0.000000 1.000000 -0.000001 0.000000 1.000000 0.000000 0.000000 1.000000 0.000000 0.000000 1.000000 0.000002 -0.000000 1.000000 0.000002 -0.000000 1.000000 -0.000000 0.000000 1.000000 -0.000000 -0.000000 1.000000 0.000000 0.000000 1.000000 0.000001 -0.000000 1.000000 0.000000 0.000000 1.000000 0.000000 0.000000 1.000000 -0.000005 0.000003 1.000000 -0.000017 0.000011 1.000000 -0.000003 0.000001 1.000000 0.000000 0.000000 1.000000 -0.000015 -0.000002 1.000000 -0.000050 -0.000006 1.000000 -0.000001 -0.000000 1.000000 0.000000 0.000000 1.000000 0.000009 0.000000 1.000000 0.000032 0.000000 1.000000 0.000003 -0.000001 1.000000 0.000000 0.000000 1.000000 -0.000006 -0.000000 1.000000 -0.000019 -0.000001 1.000000 0.000001 -0.000000 1.000000 0.000000 0.000000 -0.211057 0.000004 -0.977474 -0.131473 -0.000003 -0.991320 -0.087818 -0.000000 -0.996136 -0.095405 -0.000182 -0.995439 -0.136748 0.000001 -0.990606 -0.150915 0.000005 -0.988547 -0.136777 -0.000001 0.990602 -0.150833 -0.000006 0.988559 -0.095355 0.000182 0.995443 -0.214486 0.000005 0.976727 -0.087777 0.000001 0.996140 -0.131411 0.000004 0.991328 0.214128 -0.000001 0.976806 0.134314 -0.000005 0.990939 0.089723 -0.000002 0.995967 0.097703 -0.000196 0.995216 0.138062 0.000001 0.990424 0.154699 0.000004 0.987962 
						-0.005731 -0.000001 -0.999984 0.006111 0.000000 -0.999981 -0.006483 0.000000 0.999979 0.006103 -0.000001 0.999981 -0.002593 0.000001 -0.999997 -0.002709 -0.000000 -0.999996 -0.065399 -0.000043 -0.997859 -0.089439 0.001766 -0.995991 -0.057947 -0.000017 0.998320 0.000821 0.000001 1.000000 0.000785 0.000001 1.000000 -0.083953 -0.002327 0.996467 0.003514 0.000000 -0.999994 0.003514 0.000000 -0.999994 0.003514 0.000000 -0.999994 0.062665 0.000066 -0.998035 -0.000838 0.000001 -1.000000 -0.001009 -0.000001 -1.000000 0.087196 -0.001768 -0.996190 -0.016397 -0.000003 -0.999866 -0.021105 0.000006 -0.999777 -0.020614 0.000004 -0.999788 -0.016120 -0.000003 -0.999870 -0.013764 -0.000005 -0.999905 -0.000802 -0.000001 1.000000 -0.000840 -0.000001 1.000000 0.057748 0.000022 0.998331 0.084099 0.002298 0.996455 0.134797 0.000002 -0.990873 0.155704 -0.000005 -0.987804 0.097956 0.000207 -0.995191 0.089637 0.000001 -0.995975 0.134185 0.000004 -0.990956 0.218208 -0.000001 -0.975902 0.003511 -0.000002 0.999994 0.003511 -0.000002 0.999994 0.003511 -0.000002 0.999994 -0.003681 0.000001 0.999993 -0.003681 0.000001 0.999993 -0.003681 0.000001 0.999993 -1.000000 0.000000 -0.000003 -1.000000 0.000000 -0.000004 -1.000000 0.000000 0.000005 -1.000000 0.000000 0.000008 -1.000000 -0.000000 0.000004 -1.000000 0.000000 -0.000004 -1.000000 0.000000 -0.000003 -1.000000 -0.000000 0.000011 -1.000000 0.000000 0.000004 -0.253081 0.002622 -0.967441 -0.277348 -0.000000 -0.960770 -0.277368 -0.000000 0.960764 -0.248759 -0.003466 0.968559 0.276518 0.000000 -0.961009 0.251947 -0.002553 -0.967738 0.247482 0.003377 0.968887 0.276473 -0.000005 0.961022 -0.942368 0.000000 0.334577 -0.945731 0.000003 0.324951 -0.707291 0.000109 0.706923 -0.733355 0.000728 0.679846 0.944392 0.000005 0.328823 0.942393 0.000000 0.334506 0.734543 -0.000878 0.678562 
						0.707575 -0.000291 0.706638 -0.948652 0.000000 0.316322 -0.765615 0.001178 0.643298 0.959309 0.000005 -0.282358 0.948667 0.000000 -0.316277 0.728002 -0.002179 -0.685572 0.756346 -0.001654 -0.654170 -0.942392 0.000000 -0.334512 -0.942368 -0.000000 -0.334579 -0.707566 -0.000281 -0.706647 -0.707107 -0.000000 -0.707107 -0.334579 -0.000000 -0.942368 -0.335331 -0.000000 -0.942100 -0.707107 -0.000000 -0.707107 -0.707566 0.000281 -0.706648 0.352262 0.000007 -0.935901 0.325417 0.000011 -0.945571 0.704886 -0.026267 -0.708834 0.706541 -0.013320 -0.707547 0.945571 -0.000011 -0.325417 0.935901 -0.000007 -0.352262 0.707547 0.013320 -0.706541 0.708835 0.026267 -0.704885 0.942368 0.000000 0.334579 0.707107 0.000000 0.707107 0.334579 -0.000005 0.942368 0.335342 -0.000004 0.942096 0.707107 0.000000 0.707107 0.707575 0.000291 0.706638 -0.335093 0.000000 0.942185 -0.334579 0.000000 0.942368 -0.707290 -0.000109 0.706923 -0.707107 0.000000 0.707107 -0.942368 0.000000 0.334579 -0.707107 0.000000 0.707107 0.334579 -0.000000 -0.942368 0.707107 -0.000000 -0.707107 0.942368 -0.000000 -0.334579 0.707107 -0.000000 -0.707107 -0.942368 -0.000000 -0.334579 -0.707107 -0.000000 -0.707107 -0.334579 -0.000000 -0.942368 -0.707107 -0.000000 -0.707107 -0.334579 0.000000 0.942368 -0.707107 0.000000 0.707107 -0.942368 0.000000 0.334579 -0.707107 0.000000 0.707107 0.942368 0.000000 0.334579 0.707107 0.000000 0.707107 0.334579 -0.000005 0.942368 0.707107 0.000000 0.707107 -0.944352 -0.000000 -0.328936 -0.733603 -0.001018 -0.679578 -0.948537 -0.000001 -0.316666 -0.756341 -0.001594 -0.654175 0.997620 -0.000000 0.068953 0.948841 -0.000000 0.315755 0.767040 -0.000888 0.641598 0.999937 -0.011221 0.000178 0.999983 -0.005783 0.000011 0.999888 -0.014967 -0.000058 0.999893 -0.014606 -0.000060 -1.000000 0.000000 -0.000003 -1.000000 0.000000 0.000023 
						-1.000000 0.000000 0.000017 -1.000000 0.000000 0.000012 -1.000000 0.000000 -0.000025 -1.000000 -0.000000 -0.000030 0.999955 -0.009440 0.000002 0.999969 -0.007884 -0.000000 0.999944 -0.010604 -0.000004 0.999874 -0.015873 -0.000035 -0.396079 0.000002 -0.918216 -0.447208 0.000005 -0.894430 -0.733596 0.001049 -0.679585 -0.756323 0.001950 -0.654195 -0.462241 -0.000014 0.886755 -0.390726 0.000006 0.920507 -0.765604 -0.001460 0.643310 -0.733352 -0.000724 0.679849 0.397376 -0.000010 0.917656 0.465346 0.000004 0.885129 0.734538 0.000888 0.678567 0.767034 0.001093 0.641605 0.441126 -0.000006 -0.897445 0.344243 -0.000001 -0.938881 0.756327 0.002027 -0.654191 0.727973 0.002212 -0.685603 -1.000000 -0.000003 -0.000000 0.000000 0.000002 -1.000000 0.000000 0.000001 -1.000000 0.000000 -0.000002 -1.000000 1.000000 0.000005 0.000000 1.000000 -0.000022 -0.000000 1.000000 -0.000005 0.000000 0.000000 -0.000004 1.000000 0.000000 -0.000016 1.000000 0.000000 0.000004 1.000000 -1.000000 0.000003 0.000000 -1.000000 0.000020 0.000000 0.000000 -0.000008 -1.000000 1.000000 0.000006 -0.000000 -1.000000 -0.000004 -0.000000 0.000000 0.000008 -1.000000 0.000000 0.000000 1.000000 -1.000000 0.000004 0.000000 1.000000 -0.000006 -0.000000 0.000000 -0.000000 1.000000 1.000000 0.000022 0.000000 -1.000000 -0.000020 -0.000000 0.000000 -0.000001 -1.000000 0.000000 0.000017 1.000000 0.996596 -0.082446 0.000020 0.999049 -0.043595 0.000001 0.998189 -0.060157 0.000390 0.955241 -0.295818 0.002449 0.996667 -0.081574 0.000293 0.678068 -0.717095 -0.161241 0.998935 -0.046142 -0.000002 0.996945 -0.078105 0.000020 0.955566 -0.294759 -0.003409 0.998632 -0.052278 -0.000381 0.625504 -0.769155 0.130940 0.998368 -0.057111 0.000001 0.996596 0.082443 -0.000017 0.999049 0.043594 -0.000001 0.998189 0.060157 0.000390 0.955242 0.295816 0.002438 
						0.996667 0.081575 0.000295 0.678052 0.717116 -0.161217 0.998935 0.046142 -0.000003 0.996945 0.078109 -0.000029 0.955564 0.294763 -0.003419 0.998632 0.052278 -0.000381 0.625539 0.769115 0.131007 0.998368 0.057111 0.000001 0.968411 -0.249358 0.000002 0.922667 -0.385597 0.000004 0.857493 -0.514496 0.000000 0.968411 0.249358 -0.000000 0.922667 0.385597 0.000005 0.857493 0.514496 0.000000 0.006782 -0.000135 -0.999977 0.033549 0.000002 -0.999437 0.016635 0.000316 -0.999862 0.055901 0.000003 -0.998436 0.999983 -0.000001 -0.005766 0.999403 0.000573 -0.034535 0.999915 0.000001 -0.013012 0.997922 0.000002 -0.064427 -0.006789 -0.000000 -0.999977 -0.039989 0.000661 -0.999200 -0.015627 0.000005 -0.999878 -0.075083 0.000000 -0.997177 0.999983 0.000117 0.005757 0.999582 -0.000002 0.028892 0.999904 -0.000240 0.013880 0.998850 -0.000003 0.047945 0.006782 0.000135 -0.999977 0.033549 -0.000001 -0.999437 0.016636 -0.000316 -0.999862 0.055901 -0.000000 -0.998436 0.999983 -0.000000 -0.005766 0.999403 -0.000572 -0.034534 0.999915 -0.000003 -0.013012 0.997922 0.000002 -0.064425 -0.006789 0.000000 -0.999977 -0.039989 -0.000660 -0.999200 -0.015628 -0.000005 -0.999878 -0.075083 0.000000 -0.997177 0.999983 -0.000117 0.005757 0.999582 0.000000 0.028892 0.999904 0.000239 0.013880 0.998850 -0.000001 0.047945 0.967806 0.251698 -0.000000 0.925950 0.377647 -0.000017 0.849802 0.527102 0.000004 0.967806 -0.251698 0.000000 0.925950 -0.377647 -0.000016 0.849803 -0.527100 0.000001 0.999983 -0.005905 -0.000016 0.999985 -0.005558 -0.000014 -0.013938 -0.000003 -0.999903 -0.013727 -0.000001 -0.999906 0.999999 -0.000002 -0.001700 1.000000 0.000000 0.000000 1.000000 -0.000000 -0.000049 0.999999 0.000000 -0.001706 1.000000 0.000002 0.000000 1.000000 -0.000000 -0.000000 1.000000 0.000004 -0.000000 -0.017081 -0.000001 -0.999854 
						-0.016962 -0.000001 -0.999856 -0.016074 0.000001 -0.999871 -0.014903 0.000003 -0.999889 0.942381 0.334541 -0.000000 0.942381 0.334541 -0.000000 0.707206 0.707008 -0.000000 0.707206 0.707008 -0.000000 -0.000000 -0.000000 -1.000000 -0.000000 -0.000000 -1.000000 -0.000000 -0.000000 -1.000000 -0.000000 -0.000000 -1.000000 0.999991 -0.004171 0.000017 0.999992 -0.003856 0.000022 0.999997 -0.002437 -0.000485 0.999998 -0.002176 -0.000447 1.000000 0.000003 -0.000843 1.000000 0.000007 -0.000825 0.999999 -0.000812 0.000923 0.999999 -0.000874 0.001081 1.000000 0.000000 0.000000 1.000000 0.000000 0.000000 1.000000 0.000000 0.000000 -1.000000 0.000000 0.000000 1.000000 0.000000 0.000000 1.000000 0.000000 0.000000 1.000000 0.000000 0.000000 -0.999892 -0.014684 0.000000 -0.999892 -0.014684 0.000000 -0.999892 -0.014684 0.000000 1.000000 -0.000001 -0.000000 1.000000 0.000000 0.000000 1.000000 0.000002 -0.000000 1.000000 0.000002 -0.000000 -1.000000 -0.000000 0.000000 -1.000000 -0.000000 -0.000000 -1.000000 0.000000 0.000000 -1.000000 -0.000000 -0.000000 -1.000000 -0.000000 -0.000000 -1.000000 0.000000 -0.000001 -1.000000 0.000000 0.000000 -1.000000 0.000000 0.000000 -1.000000 0.000000 0.000000 -1.000000 0.000000 0.000000 0.001079 -0.000000 -0.999999 0.001079 -0.000000 -0.999999 0.001079 -0.000000 -0.999999 -0.000000 -0.000000 -1.000000 -0.000000 -0.000000 -1.000000 -0.000000 -0.000000 -1.000000 0.000000 -0.000000 -1.000000 0.000000 -0.000000 -1.000000 0.000000 -0.000000 -1.000000 0.001734 -0.000000 -0.999998 0.001734 -0.000000 -0.999998 0.001734 -0.000000 -0.999998 1.000000 0.000000 0.000000 1.000000 0.000000 0.000000 1.000000 0.000000 0.000000 1.000000 0.000000 0.000000 1.000000 0.000000 -0.000000 1.000000 -0.000000 -0.000001 1.000000 -0.000000 -0.000001 1.000000 0.000000 -0.000000 1.000000 0.000000 0.000000 
						1.000000 0.000000 -0.000001 1.000000 0.000000 0.000000 1.000000 0.000000 -0.000000 1.000000 0.000000 -0.000001 1.000000 0.000000 0.000000 1.000000 -0.000000 -0.000000 1.000000 0.000000 0.000000 1.000000 -0.000000 -0.000000 1.000000 0.000000 0.000000 1.000000 -0.000000 0.000000 1.000000 -0.000000 0.000000 1.000000 -0.000000 0.000000 1.000000 -0.000000 -0.000000 
					</float_array>
					<technique_common>
						<accessor count="653" offset="0" source="#meshId5-tangents-array" stride="3">
							<param name="X" type="float" />
							<param name="Y" type="float" />
							<param name="Z" type="float" />
						</accessor>
					</technique_common>
				</source>
				<source id="meshId5-bitangents" name="meshId5-bitangents">
					<float_array id="meshId5-bitangents-array" count="1959"> 
						-0.000000 1.000000 0.000000 -0.000000 1.000000 -0.000000 0.000001 1.000000 -0.000000 0.000003 1.000000 -0.000013 0.000000 1.000000 -0.000000 -0.000003 1.000000 0.000000 0.000000 1.000000 0.000000 -0.000001 1.000000 0.000000 0.000001 1.000000 0.000000 0.000002 1.000000 0.000000 0.000000 1.000000 0.000000 -0.000013 1.000000 0.000216 0.000004 1.000000 -0.000055 -0.000012 1.000000 -0.000174 0.000000 1.000000 0.000000 -0.000000 1.000000 0.000000 0.000000 1.000000 0.000000 -0.000002 1.000000 0.000000 -0.000413 0.999979 -0.006392 0.000002 1.000000 0.000067 -0.000000 0.000000 1.000000 -0.000010 0.000000 1.000000 0.000000 0.000000 1.000000 -0.000004 0.000000 1.000000 -0.000000 0.000000 1.000000 0.000000 0.000000 1.000000 -0.000000 0.000000 1.000000 0.000000 0.000000 1.000000 0.000001 0.000000 1.000000 0.000000 0.000000 1.000000 0.000000 0.000000 1.000000 -0.000008 0.000000 1.000000 -0.000002 0.000000 1.000000 -0.000019 0.000000 1.000000 -0.000000 0.000000 1.000000 0.000000 0.000000 1.000000 -0.000001 0.000000 1.000000 -0.000008 0.000000 1.000000 -0.000002 0.000000 1.000000 -0.000007 0.000000 1.000000 -0.000000 0.000000 1.000000 0.000000 0.000000 1.000000 0.000000 0.000000 1.000000 0.000000 0.000000 1.000000 0.000000 0.000000 1.000000 0.000000 0.000000 1.000000 -0.000000 0.000000 1.000000 0.000003 0.000000 1.000000 -0.000005 0.000000 1.000000 -0.000014 0.000000 1.000000 -0.000001 0.000000 1.000000 0.000000 0.000000 1.000000 -0.000004 1.000000 0.000057 -0.000000 1.000000 -0.000000 0.000000 1.000000 -0.000000 -0.000002 1.000000 -0.000000 -0.000000 1.000000 -0.000000 0.002695 0.999996 0.000004 0.000000 1.000000 0.000000 0.000000 1.000000 0.000002 0.000000 1.000000 0.000000 0.004566 0.999990 -0.000324 0.000000 1.000000 0.000000 -0.000000 1.000000 0.000000 
						0.000000 1.000000 -0.000001 0.025149 0.999682 0.002120 0.008666 0.999962 0.000559 0.000000 1.000000 -0.000001 0.000000 1.000000 -0.000002 -0.000000 1.000000 -0.000001 -0.000004 1.000000 0.000000 -0.000006 1.000000 0.000000 -0.000003 1.000000 0.000000 0.000559 0.999962 0.008666 0.002120 0.999682 0.025149 0.000000 1.000000 0.000000 0.000013 1.000000 0.000000 -0.000000 1.000000 -0.000000 0.000003 1.000000 0.000000 -0.000012 1.000000 0.000000 -0.002731 0.999996 -0.000006 0.000000 1.000000 -0.000008 0.000000 1.000000 -0.000003 0.000000 1.000000 0.000005 -0.004661 0.999989 0.000336 0.000000 1.000000 0.000000 0.000000 1.000000 0.000000 0.000000 1.000000 0.000001 -0.003554 0.999994 -0.000254 -0.000000 1.000000 0.000001 0.000000 1.000000 0.000004 0.000000 1.000000 -0.000006 -0.002694 0.999996 0.000002 0.000005 1.000000 0.000000 -0.000000 1.000000 0.000000 0.000000 1.000000 -0.000000 -0.000000 1.000000 0.000000 0.000005 1.000000 0.000000 -0.114290 -0.993447 0.000000 -0.114290 -0.993447 0.000000 -0.114290 -0.993447 0.000000 -0.114290 -0.993447 0.000000 0.000010 0.999989 -0.004717 -0.000000 1.000000 -0.000000 0.000053 0.994091 -0.108554 0.000000 0.993447 -0.114290 -0.114290 0.993447 -0.000000 -0.114290 0.993447 -0.000000 -0.114290 0.993447 -0.000000 -0.114290 0.993447 -0.000000 -0.000010 -0.999989 -0.004717 -0.000000 -1.000000 0.000000 0.000014 -0.993783 -0.111338 0.000000 -0.993447 -0.114290 0.016654 -0.999861 0.000098 -0.000000 -1.000000 0.000000 -0.000000 -1.000000 0.000000 0.070889 -0.997484 0.000000 0.000345 -0.997721 0.067470 0.000000 -1.000000 0.000000 0.000000 -1.000000 0.000000 0.000000 -0.999921 0.012563 -0.000000 1.000000 0.000000 0.000000 1.000000 -0.000002 0.000000 1.000000 -0.000008 -0.000008 1.000000 0.000000 -0.000004 1.000000 0.000000 0.000000 1.000000 -0.000000 
						0.066904 -0.997759 -0.000396 -0.000000 -1.000000 -0.000000 -0.000000 -1.000000 -0.000000 0.012563 -0.999921 -0.000000 -0.000000 1.000000 -0.000000 0.000004 1.000000 0.000000 0.000002 1.000000 -0.000000 0.000000 1.000000 0.000005 0.000000 1.000000 0.000001 0.000000 1.000000 0.000001 -0.000081 0.999871 0.016071 0.000000 1.000000 0.000000 0.000000 1.000000 0.000000 0.000000 0.997484 0.070889 0.016654 0.999861 0.000098 0.000000 1.000000 0.000000 0.000000 1.000000 0.000000 0.070889 0.997484 0.000000 0.000346 0.997721 0.067470 0.000000 1.000000 0.000000 0.000000 1.000000 0.000000 0.000000 0.999921 0.012562 -0.000000 1.000000 0.000000 0.000000 1.000000 0.000012 0.000000 1.000000 0.000019 -0.000003 1.000000 -0.000000 -0.000004 1.000000 0.000000 0.000000 1.000000 -0.000000 0.066904 0.997759 -0.000396 0.000000 1.000000 -0.000000 0.000000 1.000000 -0.000000 0.012563 0.999921 -0.000000 -0.000000 1.000000 -0.000000 0.000004 1.000000 0.000000 0.000008 1.000000 0.000000 0.000000 1.000000 0.000000 0.000000 1.000000 -0.000000 0.000000 1.000000 0.000003 -0.000081 -0.999871 0.016073 0.000000 -1.000000 0.000000 0.000000 -1.000000 0.000000 0.000000 -0.997484 0.070889 0.000019 1.000000 -0.000378 0.000022 1.000000 -0.000314 -0.000014 1.000000 0.000000 -0.000005 1.000000 0.000000 0.000000 0.993447 -0.114290 -0.000014 0.993783 -0.111338 0.000000 -0.993447 -0.114290 -0.000053 -0.994091 -0.108553 0.000000 1.000000 0.000000 0.000159 1.000000 -0.000000 -0.000001 -0.001403 0.999999 0.000000 0.000000 1.000000 0.000000 0.000000 1.000000 0.000020 0.000000 1.000000 0.000280 1.000000 -0.000000 0.000280 1.000000 -0.000000 0.071165 0.997464 -0.000000 0.071165 0.997464 -0.000000 0.000000 0.000000 1.000000 0.000000 0.000000 1.000000 0.000000 0.000000 1.000000 0.000000 0.000000 1.000000 
						-0.000003 0.000000 1.000000 0.000008 0.000000 1.000000 0.000008 0.000000 1.000000 0.000000 0.000000 1.000000 0.000001 0.000000 1.000000 0.000034 0.000000 1.000000 0.000000 0.000000 1.000000 0.000000 0.000000 1.000000 0.000000 1.000000 -0.000001 0.000003 -1.000000 -0.000000 0.000001 -1.000000 0.000000 0.000001 -1.000000 -0.000000 0.000002 -1.000000 -0.000000 -0.000000 -1.000000 0.000000 -0.000000 -1.000000 0.000000 -0.000000 -1.000000 0.000000 -0.000000 -1.000000 -0.000000 0.000000 1.000000 -0.000000 0.000000 1.000000 -0.000000 0.000000 1.000000 -0.000000 0.000000 1.000000 -0.000000 0.011696 0.999932 0.000005 0.000003 1.000000 -0.000000 0.000986 1.000000 0.000001 0.006836 0.999977 -0.000000 -0.000001 0.000000 1.000000 -0.000002 0.000000 1.000000 -0.000001 0.000000 1.000000 0.000000 0.000000 1.000000 0.000000 0.000000 1.000000 -0.000001 0.000000 1.000000 0.000000 0.000000 1.000000 -0.000003 0.000000 1.000000 0.000002 0.000000 1.000000 0.000000 0.000000 1.000000 0.000000 0.000000 1.000000 0.000002 0.000000 1.000000 -0.000002 0.000000 1.000000 0.000000 0.000000 1.000000 -0.000002 0.000000 1.000000 -0.000002 0.000000 1.000000 -0.000000 0.000000 1.000000 0.000001 0.000000 1.000000 0.000000 0.000000 1.000000 -0.000000 0.000000 1.000000 0.000000 0.000000 1.000000 -0.000000 0.000000 1.000000 -0.000000 0.000000 1.000000 0.000000 0.000000 1.000000 0.000000 0.000000 1.000000 0.000003 0.000000 1.000000 0.000003 0.000000 1.000000 0.000000 0.000000 1.000000 -0.000002 0.000000 1.000000 0.000002 1.000000 -0.000001 0.000002 1.000000 -0.000001 -0.000000 1.000000 -0.000000 -0.000000 1.000000 -0.000000 0.000000 -1.000000 0.000001 -0.000001 -1.000000 0.000002 0.000000 -1.000000 0.000001 0.000000 -1.000000 0.000001 -0.000000 -1.000000 0.000001 -0.000000 -1.000000 0.000001 
						0.000000 -1.000000 0.000001 0.000000 -1.000000 0.000001 -0.000000 1.000000 -0.000001 0.000002 1.000000 -0.000001 -0.000000 1.000000 -0.000001 -0.000000 1.000000 -0.000000 -0.000000 -0.000000 1.000000 0.000001 -0.000000 1.000000 0.000001 -0.000000 1.000000 -0.000000 0.000000 1.000000 0.000001 -0.000000 1.000000 0.000001 -0.000000 1.000000 0.000001 -0.000000 1.000000 0.000001 0.000000 1.000000 -0.000000 1.000000 0.000000 -0.000000 1.000000 0.000000 -0.000000 1.000000 -0.000000 -0.000000 1.000000 0.000000 -0.000000 -1.000000 0.000000 -0.000001 -1.000000 0.000001 -0.000000 -1.000000 0.000001 0.000000 -1.000000 -0.000000 0.000002 -1.000000 0.000001 0.000002 -1.000000 0.000001 -0.000000 -1.000000 0.000000 -0.000000 -1.000000 0.000001 0.000000 1.000000 -0.000000 -0.000001 1.000000 0.000000 0.000000 1.000000 0.000000 0.000000 1.000000 -0.000000 -0.000005 -1.000000 0.000003 -0.000017 -1.000000 0.000007 0.000003 1.000000 -0.000003 0.000000 1.000000 -0.000005 0.000015 1.000000 -0.000002 0.000050 1.000000 -0.000004 -0.000001 -1.000000 0.000002 0.000000 -1.000000 0.000004 -0.000009 1.000000 0.000000 -0.000032 1.000000 0.000000 0.000003 -1.000000 0.000002 0.000000 -1.000000 0.000004 -0.000006 -1.000000 0.000000 -0.000019 -1.000000 0.000000 -0.000001 1.000000 0.000001 0.000000 1.000000 0.000002 0.014302 0.999893 -0.003084 -0.000000 1.000000 -0.000003 -0.000000 1.000000 -0.000000 0.003829 0.999992 -0.000550 0.013515 0.999907 -0.001865 0.000001 1.000000 0.000005 -0.012254 0.999923 -0.001691 -0.000001 1.000000 0.000006 -0.003826 0.999992 -0.000549 -0.018484 0.999821 -0.004065 -0.000000 1.000000 -0.000001 -0.000000 1.000000 -0.000004 -0.014541 0.999889 0.003188 0.000002 1.000000 0.000005 0.000000 1.000000 0.000002 -0.004001 0.999992 0.000590 -0.013800 0.999903 0.001923 -0.000000 1.000000 -0.000004 
						0.001368 0.999999 -0.000009 0.002707 0.999996 0.000017 -0.002774 0.999996 -0.000018 -0.002705 0.999996 0.000018 -0.522338 0.852737 0.001355 -0.523589 0.851970 0.001418 -0.496633 0.867352 0.032511 -0.521120 0.852115 0.048306 0.541374 0.840194 0.031439 0.533802 0.845610 -0.000439 0.534174 0.845374 -0.000420 0.570908 0.819489 0.050013 0.531443 0.847092 0.001867 0.531443 0.847092 0.001867 0.531443 0.847092 0.001867 -0.498672 0.866227 -0.031254 -0.533802 0.845609 0.000448 -0.532077 0.846696 0.000536 -0.521830 0.851744 -0.047187 0.532613 0.846314 -0.008737 0.538423 0.842598 -0.011361 0.537649 0.843096 -0.011082 0.532154 0.846604 -0.008582 0.531362 0.847113 -0.007318 0.534183 0.845369 0.000429 0.533802 0.845609 0.000450 0.541174 0.840327 -0.031323 0.570498 0.819773 -0.050039 0.011268 0.999935 0.001535 0.000001 1.000000 -0.000005 0.004223 0.999991 0.000624 -0.000000 1.000000 0.000001 -0.000001 1.000000 0.000003 0.019948 0.999791 0.004460 -0.531443 0.847092 0.001868 -0.531443 0.847092 0.001868 -0.531443 0.847092 0.001868 -0.531442 0.847092 -0.001957 -0.531442 0.847092 -0.001957 -0.531442 0.847092 -0.001957 -0.000003 0.000000 1.000000 -0.000004 0.000000 1.000000 0.000005 0.000000 1.000000 0.000008 0.000000 1.000000 0.000004 0.000000 1.000000 -0.000004 0.000000 1.000000 -0.000003 0.000000 1.000000 0.000011 0.000000 1.000000 0.000004 0.000000 1.000000 -0.666575 0.724281 0.176338 -0.698128 0.687025 0.201530 0.736595 0.642034 0.212651 0.706370 0.683545 0.183866 -0.694406 0.691287 -0.199806 -0.662744 0.728240 -0.174464 0.702136 0.688457 -0.181745 0.732595 0.647215 -0.210755 -0.000001 1.000000 -0.000003 -0.000198 1.000000 -0.000586 -0.000231 1.000000 -0.000386 -0.001609 0.999995 -0.002807 -0.000425 0.999999 0.001206 0.000001 1.000000 -0.000002 -0.002084 0.999992 0.003549 
						-0.000619 0.999999 0.001032 -0.000537 0.999999 -0.001610 -0.002936 0.999981 -0.005326 -0.002066 0.999973 -0.007000 -0.003877 0.999925 -0.011628 -0.005016 0.999951 -0.008505 -0.003824 0.999969 -0.006950 -0.000005 1.000000 0.000013 -0.000000 1.000000 -0.000000 0.000597 0.999999 -0.000995 -0.000000 1.000000 -0.000000 -0.000000 1.000000 -0.000000 0.003223 0.999994 -0.001147 -0.000000 1.000000 -0.000000 0.000995 0.999999 -0.000598 0.071995 0.997037 0.027106 0.033803 0.999361 0.011645 0.093391 0.994051 0.056035 0.047159 0.998487 0.028295 0.011645 0.999361 0.033802 0.027105 0.997037 0.071994 0.028296 0.998487 0.047159 0.056035 0.994051 0.093391 -0.000000 1.000000 -0.000000 -0.000000 1.000000 -0.000000 0.000002 1.000000 0.000004 -0.003298 0.999994 0.001179 -0.000000 1.000000 -0.000000 -0.001031 0.999999 0.000620 -0.001642 0.999998 -0.000584 0.000000 1.000000 -0.000000 -0.000386 1.000000 -0.000232 0.000000 1.000000 -0.000000 0.000000 1.000000 -0.000000 0.000000 1.000000 -0.000000 0.000000 1.000000 -0.000000 0.000000 1.000000 -0.000000 0.000000 1.000000 -0.000000 0.000000 1.000000 -0.000000 -0.000000 1.000000 -0.000000 -0.000000 1.000000 -0.000000 -0.000000 1.000000 -0.000000 -0.000000 1.000000 -0.000000 0.000000 1.000000 -0.000000 0.000000 1.000000 -0.000000 0.000000 1.000000 -0.000000 0.000000 1.000000 -0.000000 -0.000000 1.000000 -0.000000 -0.000000 1.000000 -0.000000 0.000002 1.000000 0.000004 -0.000000 1.000000 -0.000000 0.000658 0.999998 -0.001889 0.002398 0.999989 -0.004087 0.000840 0.999996 -0.002518 0.003747 0.999970 -0.006770 0.000000 1.000000 0.000000 -0.000385 0.999999 0.001159 -0.002253 0.999989 0.004077 -0.000398 -0.019675 0.999806 -0.000101 -0.015494 0.999880 -0.000176 -0.015630 0.999878 -0.000164 -0.015332 0.999882 -0.000003 0.000000 1.000000 0.000023 0.000000 1.000000 
						0.000017 0.000000 1.000000 0.000012 0.000000 1.000000 -0.000025 0.000000 1.000000 -0.000030 0.000000 1.000000 -0.000012 -0.001054 0.999999 -0.000001 -0.000150 1.000000 -0.000020 -0.002290 0.999997 -0.000111 -0.009189 0.999958 0.008592 0.999956 -0.003704 0.010348 0.999933 -0.005169 0.003915 0.999989 -0.002682 0.006428 0.999969 -0.004451 -0.012586 0.999899 -0.006545 -0.007341 0.999968 -0.003123 -0.004956 0.999981 -0.003628 -0.002674 0.999995 -0.001820 -0.008769 0.999954 0.003808 -0.008534 0.999954 0.004482 -0.003381 0.999992 0.002351 -0.003772 0.999989 0.002806 0.005608 0.999981 0.002750 -0.002449 0.999997 -0.000899 -0.006609 0.999968 -0.004541 -0.008213 0.999951 -0.005494 -0.000003 1.000000 -0.000000 0.000000 1.000000 0.000002 0.000000 1.000000 0.000001 0.000000 1.000000 -0.000002 -0.000005 1.000000 0.000000 0.000022 1.000000 0.000000 0.000005 1.000000 0.000000 0.000000 1.000000 0.000004 0.000000 1.000000 0.000016 0.000000 1.000000 -0.000004 0.000003 1.000000 -0.000000 0.000020 1.000000 -0.000000 0.000000 1.000000 -0.000008 -0.000006 1.000000 0.000000 -0.000004 1.000000 -0.000000 0.000000 1.000000 0.000008 0.000000 1.000000 -0.000000 0.000004 1.000000 -0.000000 0.000006 1.000000 0.000000 0.000000 1.000000 0.000000 -0.000022 1.000000 0.000000 -0.000020 1.000000 -0.000000 0.000000 1.000000 -0.000001 0.000000 1.000000 -0.000017 -0.006552 -0.078955 0.996857 -0.010964 -0.251235 0.967864 -0.023125 -0.377721 0.925631 -0.087679 -0.275205 0.957379 -0.043004 -0.522374 0.851631 -0.406908 -0.548935 0.730134 0.011517 0.249278 0.968363 0.006615 0.084695 0.996385 0.087965 0.274094 0.957671 0.020499 0.384847 0.922752 0.422580 0.475055 0.771848 0.029347 0.513039 0.857863 -0.006514 0.078958 0.996857 -0.010962 0.251235 0.967864 -0.023125 0.377721 0.925631 -0.087669 0.275208 0.957379 
						-0.043008 0.522374 0.851631 -0.406936 0.548913 0.730136 0.011517 -0.249278 0.968363 0.006665 -0.084691 0.996385 0.087976 -0.274091 0.957671 0.020499 -0.384848 0.922752 0.422527 -0.475122 0.771836 0.029347 -0.513039 0.857863 -0.012946 -0.050271 0.998652 -0.021646 -0.051785 0.998424 -0.029386 -0.048976 0.998368 -0.012944 0.050271 0.998652 -0.021647 0.051784 0.998424 -0.029386 0.048976 0.998368 0.331101 -0.943592 0.002373 0.039535 -0.999217 0.001325 0.485316 -0.874304 0.007798 0.026235 -0.999655 0.001466 0.000163 -0.999595 0.028461 0.011627 -0.947092 0.320752 0.000646 -0.998771 0.049567 0.033098 -0.857964 0.512642 0.029046 -0.999578 -0.000197 0.318386 -0.947867 -0.013369 0.053690 -0.998557 -0.000844 0.511977 -0.858133 -0.038550 -0.002020 0.943419 0.331597 -0.001081 0.999297 0.037467 -0.006586 0.871982 0.489493 -0.001248 0.999660 0.026062 0.331101 0.943592 0.002373 0.039535 0.999217 0.001326 0.485316 0.874304 0.007798 0.026235 0.999655 0.001468 0.000164 0.999595 0.028462 0.011626 0.947092 0.320753 0.000648 0.998770 0.049570 0.033094 0.857964 0.512642 0.029046 0.999578 -0.000197 0.318386 0.947867 -0.013368 0.053691 0.998557 -0.000844 0.511977 0.858133 -0.038549 -0.002020 -0.943419 0.331597 -0.001083 -0.999297 0.037467 -0.006586 -0.871982 0.489493 -0.001252 -0.999660 0.026058 0.012323 -0.047381 0.998801 0.024332 -0.059615 0.997925 0.042506 -0.068535 0.996743 0.012322 0.047381 0.998801 0.024332 0.059615 0.997925 0.042508 0.068534 0.996743 0.000432 0.070529 0.997510 0.000401 0.069685 0.997569 0.004266 0.999991 -0.000063 0.003471 0.999994 -0.000048 0.000123 0.997490 0.070812 0.000000 1.000000 -0.000176 -0.000000 1.000000 -0.000178 0.000120 0.997497 0.070711 -0.000002 1.000000 0.000000 0.000000 1.000000 0.000000 -0.000004 1.000000 0.000000 0.028370 0.999597 -0.000486 
						0.025425 0.999677 -0.000432 0.009017 0.999959 -0.000144 0.005117 0.999987 -0.000073 0.000000 0.000000 1.000000 0.000000 0.000000 1.000000 0.000000 0.000000 1.000000 0.000000 0.000000 1.000000 0.334805 0.942287 -0.000000 0.334805 0.942287 -0.000000 0.707206 0.707008 -0.000000 0.707206 0.707008 -0.000000 0.001377 0.333966 0.942584 0.001260 0.332244 0.943193 0.002065 0.706594 0.707616 0.001852 0.705625 0.708583 0.000280 0.942148 0.335198 0.000270 0.942241 0.334937 -0.000081 0.705628 0.708582 -0.000147 0.706597 0.707616 0.000000 0.000000 -1.000000 0.000000 0.000000 -1.000000 0.000000 0.000000 -1.000000 0.000000 0.000000 1.000000 0.000000 -1.000000 0.000000 0.000000 -1.000000 0.000000 0.000000 -1.000000 0.000000 -0.000018 0.001212 0.999999 -0.000018 0.001212 0.999999 -0.000018 0.001212 0.999999 0.000001 1.000000 0.000000 0.000000 1.000000 0.000000 -0.000002 1.000000 0.000000 -0.000002 1.000000 0.000000 0.000000 0.000000 1.000000 -0.000000 0.000000 1.000000 0.000000 0.000000 1.000000 -0.000000 0.000000 1.000000 -0.000000 0.000000 1.000000 -0.000001 0.000000 1.000000 0.000000 0.000000 1.000000 0.000000 0.000000 1.000000 0.000000 0.000000 1.000000 0.000000 0.000000 1.000000 -0.542134 -0.840292 -0.000585 -0.542134 -0.840292 -0.000585 -0.542134 -0.840292 -0.000585 -0.541767 -0.840529 0.000000 -0.541767 -0.840529 0.000000 -0.541767 -0.840529 0.000000 -0.540736 0.841192 -0.000000 -0.540736 0.841192 -0.000000 -0.540736 0.841192 -0.000000 -0.540142 0.841573 -0.000937 -0.540142 0.841573 -0.000937 -0.540142 0.841573 -0.000937 0.000000 1.000000 0.000000 0.000000 1.000000 0.000000 0.000000 1.000000 0.000000 0.000000 1.000000 0.000000 0.000000 0.000000 1.000000 0.000001 0.000000 1.000000 0.000001 0.000000 1.000000 0.000000 0.000000 1.000000 0.000000 0.000000 -1.000000 
						0.000001 0.000000 1.000000 -0.000000 0.000000 1.000000 0.000000 0.000000 1.000000 0.000001 0.000000 1.000000 -0.000000 0.000000 1.000000 0.000000 0.000000 1.000000 0.000000 0.000000 1.000000 0.000000 0.000000 1.000000 -0.000000 0.000000 1.000000 -0.000000 0.000000 1.000000 -0.000000 0.000000 1.000000 -0.000000 0.000000 1.000000 0.000000 0.000000 1.000000 
					</float_array>
					<technique_common>
						<accessor count="653" offset="0" source="#meshId5-bitangents-array" stride="3">
							<param name="X" type="float" />
							<param name="Y" type="float" />
							<param name="Z" type="float" />
						</accessor>
					</technique_common>
				</source>
				<source id="meshId5-tex0" name="meshId5-tex0">
					<float_array id="meshId5-tex0-array" count="1306"> 
						0.496484 0.385042 0.496510 0.290294 0.690313 0.290294 0.703723 0.385042 0.703723 0.290294 0.025332 0.722221 0.219128 0.722221 0.219150 0.802390 0.204578 0.816966 0.188103 0.816966 0.045426 0.816966 0.011922 0.816966 0.011922 0.722221 0.703723 0.435975 0.496253 0.435975 0.219385 0.867897 0.219154 0.831542 0.233730 0.816966 0.332828 0.867897 0.332597 0.816966 0.788970 0.207058 0.788062 0.213416 0.785337 0.217957 0.780796 0.220682 0.774438 0.221590 0.761068 0.221590 0.761068 0.197684 0.788970 0.197684 0.761068 0.169515 0.774438 0.169515 0.780796 0.170423 0.785337 0.173148 0.788062 0.177690 0.788970 0.184048 0.788970 0.193421 0.761068 0.193421 0.761068 0.240386 0.761976 0.234028 0.764701 0.229487 0.769243 0.226762 0.775601 0.225854 0.788970 0.225854 0.788970 0.249759 0.761068 0.249759 0.831224 0.475113 0.817854 0.475113 0.811496 0.474205 0.806955 0.471480 0.804230 0.466938 0.803322 0.460580 0.803322 0.451207 0.831224 0.451207 0.383037 0.290294 0.383037 0.281548 0.390617 0.281548 0.396448 0.287379 0.396448 0.290294 0.962725 0.022793 0.962725 0.019860 0.968591 0.013994 0.972183 0.013994 0.972183 0.022793 0.846556 0.022793 0.846556 0.014295 
						0.956858 0.014295 0.793557 0.022793 0.796203 0.013994 0.799796 0.013994 0.805662 0.019860 0.805662 0.022793 0.319187 0.722221 0.319187 0.719306 0.325018 0.713475 0.332597 0.713475 0.335226 0.722221 0.219128 0.713774 0.313357 0.713774 0.011922 0.713475 0.019501 0.713475 0.025332 0.719306 0.849420 0.619041 0.849420 0.616108 0.855286 0.610242 0.858879 0.610242 0.858879 0.619041 0.808424 0.619041 0.808424 0.610543 0.843554 0.610543 0.682896 0.619041 0.682896 0.610242 0.686490 0.610242 0.692356 0.616108 0.692356 0.619041 0.690313 0.287379 0.696143 0.281548 0.703723 0.281548 0.496510 0.281847 0.684482 0.281847 0.982491 0.258718 0.981522 0.267142 0.827765 0.267142 0.826796 0.258718 0.564646 0.628645 0.564646 0.620222 0.663455 0.620222 0.664424 0.628645 0.826796 0.257752 0.827765 0.249328 0.981522 0.249328 0.982491 0.257752 0.564646 0.610832 0.564646 0.619255 0.372363 0.619255 0.371394 0.610832 0.785030 0.287372 0.785030 0.290286 0.761068 0.290286 0.761068 0.287372 0.831409 0.446996 0.831409 0.449908 0.803451 0.449908 0.803451 0.446996 0.796203 0.005195 0.805662 0.005195 0.805662 0.008128 0.319187 0.707645 0.319187 0.704730 0.332597 0.704730 
						0.785159 0.259203 0.785159 0.262117 0.761197 0.262117 0.761197 0.259203 0.383037 0.272802 0.396448 0.272802 0.396448 0.275717 0.962725 0.008128 0.962725 0.005195 0.972183 0.005195 0.803451 0.435340 0.803451 0.432428 0.831409 0.432428 0.831409 0.435340 0.761197 0.266326 0.761197 0.263412 0.785159 0.263412 0.785159 0.266326 0.742289 0.477594 0.742289 0.474681 0.770246 0.474681 0.770246 0.477594 0.682896 0.601443 0.692356 0.601443 0.692356 0.604376 0.690313 0.275717 0.690313 0.272802 0.703723 0.272802 0.761068 0.275715 0.761068 0.272802 0.785030 0.272802 0.785030 0.275715 0.011922 0.704730 0.025332 0.704730 0.025332 0.707645 0.849420 0.604376 0.849420 0.601443 0.858879 0.601443 0.807805 0.099576 0.807805 0.102488 0.779848 0.102488 0.779848 0.099576 0.383037 0.385042 0.382806 0.435975 0.031162 0.713774 0.402278 0.281847 0.371394 0.628645 0.372363 0.620222 0.664424 0.610832 0.663455 0.619255 0.811528 0.014295 0.823759 0.022793 0.411347 0.973324 0.311962 0.973324 0.311962 0.970393 0.419065 0.970393 0.798627 0.498156 0.801558 0.498156 0.801558 0.578743 0.798627 0.578743 0.423938 0.990703 0.324179 0.990703 0.324179 0.987796 0.423938 0.987796 
						0.308187 0.990703 0.303153 0.987796 0.296277 0.978792 0.296277 0.966797 0.299183 0.966797 0.299183 0.983826 0.296277 0.948863 0.299183 0.948863 0.698222 0.610543 0.563884 0.939473 0.637231 0.939473 0.637231 0.956342 0.563884 0.956342 0.637231 0.990251 0.563884 0.990251 0.563884 0.973297 0.637231 0.973297 0.892524 0.934778 0.965840 0.934778 0.965840 0.951733 0.892524 0.951733 0.965840 0.985556 0.892524 0.985642 0.892524 0.968687 0.965840 0.968687 0.334977 0.498156 0.339233 0.508432 0.320444 0.527221 0.128135 0.527221 0.128135 0.498156 0.349509 0.563933 0.320444 0.563933 0.349509 0.512688 0.320444 0.672545 0.320444 0.637280 0.326261 0.637280 0.339233 0.691334 0.349509 0.687078 0.349509 0.637280 0.015032 0.701610 0.010776 0.691334 0.029565 0.672545 0.128135 0.672545 0.128135 0.701610 0.000731 0.637216 0.029795 0.637216 0.000500 0.687078 0.029565 0.527221 0.029565 0.563901 0.023745 0.563901 0.010776 0.508432 0.000500 0.512688 0.000500 0.563901 0.015032 0.498156 0.807347 0.370529 0.807347 0.353660 0.830595 0.353660 0.830595 0.370529 0.807347 0.392958 0.807347 0.376089 0.830595 0.376089 0.830595 0.392958 0.807347 0.426867 0.807347 0.409913 
						0.830595 0.409913 0.830595 0.426867 0.807347 0.336705 0.807347 0.319751 0.830595 0.319751 0.830595 0.336705 0.770232 0.000500 0.770232 0.073847 0.746984 0.073847 0.746984 0.000500 0.732899 0.158323 0.732899 0.085008 0.756144 0.085008 0.756144 0.158323 0.821872 0.263412 0.821872 0.280367 0.798627 0.280367 0.798627 0.263412 0.798398 0.062578 0.798398 0.079533 0.775153 0.079533 0.775153 0.062578 0.798398 0.028755 0.798398 0.045624 0.775153 0.045624 0.775153 0.028669 0.821872 0.297321 0.822103 0.314190 0.798858 0.314190 0.798627 0.297321 0.798627 0.392958 0.798627 0.389902 0.798627 0.356716 0.798627 0.353660 0.798627 0.336705 0.798627 0.333649 0.798627 0.412969 0.798627 0.409913 0.830592 0.297321 0.830592 0.300378 0.807117 0.042567 0.807117 0.045624 0.807117 0.062578 0.807117 0.065635 0.830592 0.277311 0.830592 0.280367 0.972311 0.166370 0.920503 0.155419 0.920503 0.152334 0.920503 0.135225 0.972486 0.119201 0.920503 0.132141 0.682595 0.715449 0.734609 0.728390 0.734609 0.731474 0.682769 0.762621 0.734609 0.748584 0.734609 0.751668 0.859012 0.762554 0.808626 0.751668 0.808626 0.748584 0.808626 0.731474 0.859194 0.715473 0.808626 0.728390 
						0.846519 0.118116 0.920503 0.118116 0.808626 0.714365 0.734609 0.714365 0.920503 0.169357 0.920503 0.155419 0.972311 0.166370 0.972183 0.169357 0.682769 0.762621 0.734609 0.751668 0.734609 0.765607 0.682896 0.765607 0.972486 0.119201 0.920503 0.132141 0.920503 0.118116 0.796070 0.166307 0.846519 0.155419 0.846519 0.169357 0.796203 0.169357 0.846519 0.132141 0.796249 0.118086 0.809119 0.118095 0.838447 0.118112 0.846519 0.118116 0.808626 0.765607 0.808626 0.751668 0.859012 0.762554 0.858879 0.765607 0.796249 0.118086 0.846519 0.132141 0.846519 0.135225 0.846519 0.152334 0.846519 0.155419 0.796070 0.166307 0.734609 0.714365 0.734609 0.728390 0.682595 0.715449 0.859194 0.715473 0.808626 0.728390 0.808626 0.714365 0.341454 0.499056 0.346354 0.501757 0.346364 0.698010 0.341457 0.700710 0.334977 0.701610 0.008553 0.700710 0.003646 0.698010 0.003655 0.501757 0.008555 0.499056 0.978671 0.167715 0.983214 0.169357 0.671866 0.765607 0.676409 0.763965 0.785171 0.169357 0.789712 0.167679 0.865370 0.763927 0.869911 0.765607 0.710100 0.290294 0.710092 0.385110 0.714656 0.290294 0.714822 0.385315 0.005635 0.817037 0.005545 0.722221 0.000881 0.817250 
						0.000989 0.722221 0.710220 0.435975 0.715134 0.435975 0.339461 0.816935 0.339328 0.867897 0.344203 0.816938 0.344250 0.867897 0.376660 0.290294 0.376660 0.281548 0.372105 0.290294 0.372105 0.281548 0.978599 0.013994 0.978599 0.022793 0.983182 0.013994 0.983182 0.022793 0.788299 0.022793 0.789787 0.013994 0.784543 0.022793 0.785204 0.013994 0.338974 0.713475 0.340453 0.722221 0.343529 0.713475 0.344187 0.722221 0.005545 0.713475 0.000989 0.713475 0.865295 0.610242 0.865295 0.619041 0.869878 0.610242 0.869878 0.619041 0.676481 0.619041 0.676481 0.610242 0.671898 0.619041 0.671898 0.610242 0.710100 0.281548 0.714656 0.281548 0.789787 0.005195 0.785204 0.005195 0.338974 0.704730 0.343529 0.704730 0.376660 0.272802 0.372105 0.272802 0.978599 0.005195 0.983182 0.005195 0.676481 0.601443 0.671898 0.601443 0.710100 0.272802 0.714656 0.272802 0.005545 0.704730 0.000989 0.704730 0.865295 0.601443 0.869878 0.601443 0.376751 0.385112 0.372000 0.385320 0.376309 0.435975 0.371394 0.435975 0.011922 0.867897 0.005422 0.867897 0.000500 0.867897 0.420817 0.970143 0.418246 0.973119 0.422068 0.969392 0.423013 0.970302 0.302976 0.989958 0.301416 0.987548 
						0.299254 0.987725 0.300176 0.986803 0.299431 0.985563 0.297021 0.984003 0.423069 0.966390 0.426873 0.958625 0.426095 0.965688 0.422818 0.968141 0.978626 0.118737 0.978671 0.167715 0.983143 0.118396 0.983214 0.169357 0.676409 0.763965 0.676373 0.714980 0.671866 0.765607 0.671872 0.714640 0.865327 0.714999 0.865370 0.763927 0.869841 0.714651 0.869911 0.765607 0.789712 0.167679 0.789180 0.118087 0.785171 0.169357 0.784562 0.118088 0.397905 0.280090 0.961258 0.012527 0.959425 0.013627 0.807128 0.012527 0.317730 0.712018 0.315907 0.713111 0.026789 0.712018 0.847953 0.608776 0.846120 0.609875 0.693822 0.608776 0.688855 0.280090 0.687033 0.281184 0.806028 0.010694 0.318823 0.710196 0.396812 0.278268 0.962358 0.010694 0.692722 0.606942 0.689948 0.278268 0.025696 0.710196 0.849053 0.606942 0.028611 0.713111 0.399728 0.281184 0.808961 0.013627 0.695655 0.609875 0.321246 0.470629 0.350193 0.465773 0.350193 0.468322 0.321813 0.471196 0.350193 0.470144 0.322089 0.471472 0.350193 0.321378 0.321246 0.316522 0.321813 0.315955 0.350193 0.318829 0.322089 0.315679 0.350193 0.317007 0.029447 0.316522 0.000500 0.321378 0.000500 0.318829 0.028880 0.315955 
						0.000500 0.317007 0.028605 0.315679 0.000500 0.465773 0.029447 0.470629 0.028880 0.471196 0.000500 0.468322 0.028605 0.471472 0.000500 0.470144 0.316390 0.495569 0.318939 0.495569 0.320761 0.495569 0.034304 0.291582 0.031754 0.291582 0.029933 0.291582 0.761068 0.284823 0.785094 0.284782 0.761068 0.283003 0.785159 0.282192 0.803386 0.444407 0.831409 0.444448 0.803322 0.441817 0.831409 0.442628 0.761133 0.256613 0.785159 0.256654 0.761068 0.254023 0.785159 0.254833 0.831409 0.437888 0.803386 0.437929 0.831409 0.439708 0.803322 0.440519 0.785159 0.268875 0.761133 0.268916 0.785159 0.270696 0.761068 0.271506 0.770311 0.480183 0.742289 0.480142 0.770376 0.482772 0.742289 0.481962 0.785094 0.278306 0.761068 0.278265 0.785159 0.280896 0.761068 0.280085 0.779848 0.097028 0.807870 0.096987 0.779848 0.095208 0.807934 0.094397 0.034304 0.495569 0.031754 0.495569 0.029933 0.495569 0.316390 0.291582 0.318939 0.291582 0.320761 0.291582 0.423069 0.945774 0.426608 0.945766 0.838447 0.118112 0.823780 0.103440 0.803322 0.578737 0.803322 0.498156 0.806252 0.498156 0.806511 0.578726 0.220063 0.808767 0.222797 0.813322 0.227353 0.816055 0.809119 0.118095 
						0.815534 0.117183 0.820116 0.114437 0.822865 0.109856 0.305551 0.973324 0.305551 0.970393 0.300971 0.973324 0.300971 0.970393 0.801558 0.585153 0.798627 0.585153 0.801558 0.589732 0.798627 0.589732 0.423069 0.939364 0.426472 0.939356 0.423069 0.934785 0.426369 0.934778 0.806551 0.585135 0.803322 0.585146 0.806622 0.589712 0.803322 0.589725 0.320444 0.563933 0.349509 0.563933 0.326261 0.563933 0.326261 0.563933 0.029795 0.637216 0.000731 0.637216 0.023976 0.637216 0.029795 0.637216 0.023976 0.637216 0.023745 0.563901 0.061794 0.842475 0.045451 0.867897 0.188166 0.867897 0.171780 0.842475 0.159229 0.672545 0.159245 0.687078 0.159261 0.701610 0.301547 0.701610 0.301522 0.687078 0.301497 0.672545 0.983401 0.728652 0.873745 0.728652 0.873745 0.714120 0.983401 0.714120 0.685950 0.437122 0.702237 0.437122 0.702237 0.465528 0.702237 0.465528 0.685950 0.465528 0.685950 0.437122 0.765763 0.150950 0.765763 0.122566 0.782037 0.122566 0.782037 0.122566 0.782037 0.150950 0.765763 0.150950 0.857149 0.531020 0.966805 0.531020 0.983158 0.556366 0.840881 0.556366 0.321246 0.470629 0.321246 0.316522 0.350193 0.321378 0.350193 0.465773 0.350193 0.430970 
						0.000500 0.430870 0.000500 0.321378 0.029447 0.316522 0.029447 0.470629 0.000500 0.465773 0.316390 0.495569 0.222197 0.495569 0.222197 0.471601 0.034304 0.291582 0.222197 0.291582 0.222197 0.315550 0.034304 0.495569 0.316390 0.291582 
					</float_array>
					<technique_common>
						<accessor count="653" offset="0" source="#meshId5-tex0-array" stride="2">
							<param name="S" type="float" />
							<param name="T" type="float" />
						</accessor>
					</technique_common>
				</source>
				<vertices id="meshId5-vertices">
					<input semantic="POSITION" source="#meshId5-positions" />
				</vertices>
				<polylist count="614" material="defaultMaterial">
					<input offset="0" semantic="VERTEX" source="#meshId5-vertices" />
					<input offset="0" semantic="NORMAL" source="#meshId5-normals" />
					<input offset="0" semantic="TANGENT" source="#meshId5-tangents" />
					<input offset="0" semantic="BINORMAL" source="#meshId5-bitangents" />
					<input offset="0" semantic="TEXCOORD" source="#meshId5-tex0" set="0" />
					<vcount>
						3 3 3 3 3 3 3 3 3 3 3 3 3 3 3 3 3 3 3 3 3 3 3 3 3 3 3 3 3 3 3 3 3 3 3 3 3 3 3 3 3 3 3 3 3 3 3 3 3 3 3 3 3 3 3 3 3 3 3 3 3 3 3 3 
						3 3 3 3 3 3 3 3 3 3 3 3 3 3 3 3 3 3 3 3 3 3 3 3 3 3 3 3 3 3 3 3 3 3 3 3 3 3 3 3 3 3 3 3 3 3 3 3 3 3 3 3 3 3 3 3 3 3 3 3 3 3 3 3 
						3 3 3 3 3 3 3 3 3 3 3 3 3 3 3 3 3 3 3 3 3 3 3 3 3 3 3 3 3 3 3 3 3 3 3 3 3 3 3 3 3 3 3 3 3 3 3 3 3 3 3 3 3 3 3 3 3 3 3 3 3 3 3 3 
						3 3 3 3 3 3 3 3 3 3 3 3 3 3 3 3 3 3 3 3 3 3 3 3 3 3 3 3 3 3 3 3 3 3 3 3 3 3 3 3 3 3 3 3 3 3 3 3 3 3 3 3 3 3 3 3 3 3 3 3 3 3 3 3 
						3 3 3 3 3 3 3 3 3 3 3 3 3 3 3 3 3 3 3 3 3 3 3 3 3 3 3 3 3 3 3 3 3 3 3 3 3 3 3 3 3 3 3 3 3 3 3 3 3 3 3 3 3 3 3 3 3 3 3 3 3 3 3 3 
						3 3 3 3 3 3 3 3 3 3 3 3 3 3 3 3 3 3 3 3 3 3 3 3 3 3 3 3 3 3 3 3 3 3 3 3 3 3 3 3 3 3 3 3 3 3 3 3 3 3 3 3 3 3 3 3 3 3 3 3 3 3 3 3 
						3 3 3 3 3 3 3 3 3 3 3 3 3 3 3 3 3 3 3 3 3 3 3 3 3 3 3 3 3 3 3 3 3 3 3 3 3 3 3 3 3 3 3 3 3 3 3 3 3 3 3 3 3 3 3 3 3 3 3 3 3 3 3 3 
						3 3 3 3 3 3 3 3 3 3 3 3 3 3 3 3 3 3 3 3 3 3 3 3 3 3 3 3 3 3 3 3 3 3 3 3 3 3 3 3 3 3 3 3 3 3 3 3 3 3 3 3 3 3 3 3 3 3 3 3 3 3 3 3 
						3 3 3 3 3 3 3 3 3 3 3 3 3 3 3 3 3 3 3 3 3 3 3 3 3 3 3 3 3 3 3 3 3 3 3 3 3 3 3 3 3 3 3 3 3 3 3 3 3 3 3 3 3 3 3 3 3 3 3 3 3 3 3 3 
						3 3 3 3 3 3 3 3 3 3 3 3 3 3 3 3 3 3 3 3 3 3 3 3 3 3 3 3 3 3 3 3 3 3 3 3 3 3 
					</vcount>
					<p>
						0 1 2 3 0 2 4 3 2 5 6 7 5 7 8 5 8 9 5 9 10 5 10 11 12 5 11 13 14 0 0 3 13 15 16 17 18 15 17 19 18 17 20 21 22 22 23 24 20 22 24 24 25 26 20 24 26 27 20 26 28 29 30 30 31 32 32 33 34 30 32 34 28 30 34 35 28 34 36 37 38 38 39 40 36 38 40 40 41 42 36 40 42 43 36 42 44 45 46 46 47 48 48 49 50 46 48 50 44 46 50 51 44 50 52 53 54 52 54 55 56 52 55 57 58 59 57 59 60 61 57 60 62 63 64 62 64 58 57 62 58 65 66 67 65 67 68 69 65 68 70 71 72 70 72 73 74 70 73 6 75 76 6 76 71 70 6 71 12 77 78 12 78 79 5 12 79 80 81 82 80 82 83 84 80 83 85 86 87 85 87 81 
						80 85 81 88 89 90 88 90 91 92 88 91 2 93 94 2 94 95 4 2 95 1 96 97 1 97 93 2 1 93 98 99 100 100 101 98 102 103 104 104 105 102 106 107 108 108 109 106 110 111 112 112 113 110 114 115 116 116 117 114 118 119 120 120 121 118 67 66 122 67 122 123 124 67 123 72 125 126 72 126 127 73 72 127 128 129 130 130 131 128 54 53 132 54 132 133 134 54 133 135 136 137 59 135 137 60 59 137 138 139 140 140 141 138 142 143 144 144 145 142 146 147 148 148 149 146 90 89 150 90 150 151 152 90 151 94 153 154 94 154 155 95 94 155 156 157 158 158 159 156 78 77 160 78 160 161 162 78 161 163 164 165 82 163 165 83 82 165 166 167 168 168 169 166 170 52 56 0 170 56 0 56 1 171 170 0 0 14 171 5 79 172 
						5 172 75 6 5 75 56 55 173 56 173 96 1 56 96 102 174 175 175 103 102 110 176 177 177 111 110 69 68 178 69 178 63 179 69 63 62 179 63 180 181 182 182 183 180 184 185 186 186 187 184 188 189 190 190 191 188 192 193 190 190 189 192 194 195 196 196 197 194 198 199 196 196 195 198 92 91 200 92 200 86 85 92 86 201 202 203 203 204 201 205 206 207 207 208 205 209 210 211 211 212 209 213 214 215 215 216 213 217 218 219 217 219 220 221 217 220 222 223 219 224 222 219 218 224 219 225 226 227 228 225 227 229 228 227 230 229 227 231 232 233 231 233 234 235 231 234 236 237 233 238 236 233 232 238 233 239 240 241 242 239 241 243 242 241 244 243 241 221 220 239 245 221 239 242 245 239 246 247 248 248 249 246 250 251 252 252 253 250 254 255 256 
						256 257 254 258 259 260 260 261 258 262 263 264 264 265 262 266 267 268 268 269 266 270 271 272 272 273 270 274 275 276 276 277 274 278 279 280 280 281 278 282 283 284 284 285 282 251 250 286 286 287 251 247 246 288 288 289 247 259 258 290 290 291 259 255 254 292 292 293 255 283 282 294 294 295 283 279 278 296 296 297 279 275 274 298 298 299 275 271 270 300 300 301 271 302 303 304 302 304 305 306 302 305 306 305 307 308 309 310 311 308 310 311 310 312 311 312 313 314 315 316 314 316 317 318 314 317 318 317 319 320 62 57 321 320 57 306 321 57 61 306 57 322 85 80 318 322 80 84 318 80 92 85 322 92 322 323 92 323 308 88 92 308 324 325 326 326 327 324 328 329 330 330 331 328 332 333 334 335 336 337 337 338 335 339 340 341 339 341 342 343 339 342 
						344 345 346 346 347 344 348 349 350 351 352 353 350 351 353 348 350 353 354 355 356 357 358 359 250 253 256 256 255 250 204 203 208 208 207 204 248 247 258 258 261 248 272 271 282 282 285 272 274 277 280 280 279 274 212 211 216 216 215 212 218 217 360 360 361 218 218 361 224 229 362 228 228 362 363 363 364 228 232 231 365 365 366 232 232 366 238 243 367 242 242 367 368 368 245 242 327 326 369 369 370 327 331 371 372 372 328 331 338 373 374 374 335 338 347 346 375 375 376 347 3 4 377 377 378 3 378 377 379 379 380 378 12 11 381 381 382 12 382 381 383 383 384 382 13 3 378 378 385 13 385 378 380 380 386 385 18 19 387 387 388 18 388 387 389 389 390 388 53 52 391 391 392 53 392 391 393 393 394 392 61 60 395 395 396 61 396 395 397 397 398 396 
						66 65 399 399 400 66 400 399 401 401 402 400 74 73 403 403 404 74 404 403 405 405 406 404 77 12 382 382 407 77 407 382 384 384 408 407 84 83 409 409 410 84 410 409 411 411 412 410 89 88 413 413 414 89 414 413 415 415 416 414 4 95 417 417 377 4 377 417 418 418 379 377 122 66 400 400 419 122 419 400 402 402 420 419 73 127 421 421 403 73 403 421 422 422 405 403 132 53 392 392 423 132 423 392 394 394 424 423 60 137 425 425 395 60 395 425 426 426 397 395 150 89 414 414 427 150 427 414 416 416 428 427 95 155 429 429 417 95 417 429 430 430 418 417 160 77 407 407 431 160 431 407 408 408 432 431 83 165 433 433 409 83 409 433 434 434 411 409 52 170 435 435 391 52 391 435 436 436 393 391 170 171 437 437 435 170 435 437 438 438 436 435 
						11 439 440 440 381 11 381 440 441 441 383 381 180 183 442 442 443 180 443 442 444 444 445 443 193 192 446 446 447 193 447 446 448 448 449 447 194 197 450 450 451 194 451 450 449 449 448 451 452 453 454 454 455 452 455 454 445 445 444 455 302 306 456 456 457 302 457 456 458 458 459 457 308 311 460 460 461 308 461 460 462 462 463 461 314 318 464 464 465 314 465 464 466 466 467 465 306 61 396 396 456 306 456 396 398 398 458 456 318 84 410 410 464 318 464 410 412 412 466 464 88 308 461 461 413 88 413 461 463 463 415 413 348 353 468 468 469 348 469 468 470 470 471 469 54 472 55 58 473 59 58 64 474 474 473 58 67 475 68 71 476 72 71 76 477 477 476 71 78 478 79 81 479 82 81 87 480 480 479 81 90 481 91 93 482 94 93 97 483 483 482 93 
						67 124 484 484 475 67 72 476 485 485 125 72 54 134 486 486 472 54 59 473 487 487 135 59 90 152 488 488 481 90 94 482 489 489 153 94 78 162 490 490 478 78 82 479 491 491 163 82 79 478 492 492 172 79 55 472 493 493 173 55 68 475 494 494 178 68 91 481 495 495 200 91 496 497 498 498 499 496 499 498 500 500 501 499 502 503 504 504 505 502 505 504 506 506 507 505 508 509 510 510 511 508 511 510 512 512 513 511 514 515 516 516 517 514 517 516 518 518 519 517 520 496 499 499 521 520 521 499 501 501 522 521 523 508 511 511 524 523 524 511 513 513 525 524 114 117 526 526 527 114 527 526 528 528 529 527 118 121 530 530 531 118 531 530 532 532 533 531 128 131 534 534 535 128 535 534 536 536 537 535 138 141 538 538 539 138 539 538 540 540 541 539 
						142 145 542 542 543 142 543 542 544 544 545 543 146 149 546 546 547 146 547 546 548 548 549 547 156 159 550 550 551 156 551 550 552 552 553 551 166 169 554 554 555 166 555 554 556 556 557 555 515 558 559 559 516 515 516 559 560 560 518 516 503 561 562 562 504 503 504 562 563 563 506 504 453 452 564 564 565 453 320 566 567 320 567 179 62 320 179 568 569 570 570 571 568 8 7 572 572 573 8 16 573 574 574 17 16 8 573 16 566 575 576 576 577 566 566 577 578 578 567 566 182 181 579 579 580 182 580 579 581 581 582 580 187 186 583 583 584 187 584 583 585 585 586 584 565 564 587 587 588 565 588 587 589 589 590 588 568 571 591 591 592 568 592 591 593 593 594 592 595 596 597 223 598 227 223 227 226 599 600 601 602 603 604 237 241 240 439 11 10 439 10 605 
						606 439 605 8 16 15 8 15 607 8 607 608 9 8 608 235 234 609 235 609 610 611 235 610 225 228 364 225 364 612 225 612 613 614 225 613 609 614 613 613 610 609 10 9 608 608 605 10 615 616 617 617 618 615 619 620 621 622 623 624 625 626 627 628 629 630 631 632 633 633 634 631 635 636 637 638 635 637 639 638 637 640 641 642 640 642 643 640 643 644 645 646 647 647 635 645 648 649 650 650 642 648 651 643 647 647 646 651 652 636 650 650 649 652 
					</p>
				</polylist>
			</mesh>
		</geometry>
		<geometry id="meshId6" name="meshId6_name" >
			<mesh>
				<source id="meshId6-positions" name="meshId6-positions">
					<float_array id="meshId6-positions-array" count="192"> 
						50.400002 -25.000002 61.775002 16.076965 -25.000002 61.775002 16.076965 -25.000002 8.224998 50.400002 -25.000002 8.225000 50.400002 -25.000002 69.000000 57.633972 -25.000002 69.000000 57.633976 7.499999 69.000000 21.086063 7.499999 69.000000 18.898479 7.187499 69.000000 17.335716 6.249999 69.000000 16.397778 4.687499 69.000000 16.084663 2.499999 69.000000 16.076965 -25.000002 69.000000 -50.400002 -25.000002 61.775002 -50.400002 -25.000002 8.224998 -62.999992 19.166662 47.866692 -62.999996 19.166666 22.631168 -62.999996 13.333330 22.631168 -62.999992 13.333332 47.866699 63.000004 13.333336 47.844917 62.999996 13.333330 22.620275 62.999996 19.166666 22.620274 63.000004 19.166666 47.844913 -59.999992 19.166662 47.866692 -60.000000 19.166666 22.631168 -62.999996 19.166666 22.631168 -62.999992 19.166662 47.866692 -60.000000 13.333330 22.631168 -59.999992 13.333332 47.866699 -62.999992 13.333332 47.866699 -62.999996 13.333330 22.631168 60.000000 19.166666 22.620274 60.000004 19.166666 47.844913 63.000004 19.166666 47.844913 62.999996 19.166666 22.620274 60.000004 13.333336 47.844917 60.000000 13.333330 22.620275 62.999996 13.333330 22.620275 63.000004 13.333336 47.844917 -60.000000 19.166666 22.631168 -59.999992 19.166662 47.866692 -59.999992 13.333332 47.866699 -60.000000 13.333330 22.631168 60.000000 13.333330 22.620275 60.000004 13.333336 47.844917 60.000004 19.166666 47.844913 60.000000 19.166666 22.620274 58.231609 -25.000002 68.914627 58.231609 7.499999 68.914627 58.658493 -25.000002 68.658493 58.658493 7.499999 68.658493 59.000000 -25.000002 67.633972 59.000000 7.499999 67.633972 58.914623 7.499999 68.231613 58.914623 -25.000002 68.231613 58.658493 7.499999 68.658493 58.658493 -25.000002 68.658493 59.000000 -25.000002 61.775002 59.000004 7.499998 60.598999 59.000004 7.187497 58.411537 59.000004 6.249993 56.849190 59.000004 4.687481 55.911961 59.000004 2.499970 55.599842 59.000000 -25.000002 55.604675 
					</float_array>
					<technique_common>
						<accessor count="64" offset="0" source="#meshId6-positions-array" stride="3">
							<param name="X" type="float" />
							<param name="Y" type="float" />
							<param name="Z" type="float" />
						</accessor>
					</technique_common>
				</source>
				<source id="meshId6-normals" name="meshId6-normals">
					<float_array id="meshId6-normals-array" count="192"> 
						0.000000 -1.000000 0.000000 0.000000 -1.000000 0.000000 0.000000 -1.000000 0.000000 0.000000 -1.000000 0.000000 0.000000 0.000000 1.000000 0.070886 -0.000000 0.997484 0.070886 -0.000000 0.997484 0.000000 0.000000 1.000000 0.000000 0.000000 1.000000 0.000000 0.000000 1.000000 0.000000 0.000000 1.000000 0.000000 0.000000 1.000000 0.000000 0.000000 1.000000 0.000000 -1.000000 0.000000 0.000000 -1.000000 0.000000 -0.995967 0.000000 0.089723 -0.996140 -0.000000 -0.087777 -0.995436 -0.003861 -0.095354 -0.995208 -0.004039 0.097701 0.995182 -0.004264 0.097954 0.995431 -0.003864 -0.095404 0.996136 -0.000000 -0.087818 0.995975 0.000000 0.089637 0.000000 1.000000 0.000000 0.000000 1.000000 0.000000 0.000000 1.000000 0.000000 0.000000 1.000000 0.000000 0.000000 -1.000000 -0.000000 0.000000 -1.000000 -0.000000 0.000000 -1.000000 -0.000000 0.000000 -1.000000 -0.000000 0.000000 1.000000 0.000000 0.000000 1.000000 0.000000 0.000000 1.000000 0.000000 0.000000 1.000000 0.000000 0.000000 -1.000000 0.000000 0.000000 -1.000000 0.000000 0.000000 -1.000000 0.000000 0.000000 -1.000000 0.000000 1.000000 -0.000000 -0.000000 1.000000 -0.000000 -0.000000 1.000000 -0.000000 -0.000000 1.000000 -0.000000 -0.000000 -1.000000 0.000000 0.000000 -1.000000 -0.000000 0.000000 -1.000000 0.000000 0.000000 -1.000000 0.000000 0.000000 0.334579 -0.000000 0.942368 0.334579 0.000000 0.942368 0.707108 0.000000 0.707106 0.707108 -0.000000 0.707106 0.997484 0.000000 0.070889 0.997484 -0.000000 0.070889 0.942367 0.000000 0.334580 0.942367 -0.000000 0.334580 0.707108 -0.000000 0.707106 0.707108 0.000000 0.707106 1.000000 -0.000000 0.000000 1.000000 -0.000000 0.000000 1.000000 -0.000000 0.000000 1.000000 -0.000000 0.000000 1.000000 -0.000000 0.000000 1.000000 -0.000000 0.000000 1.000000 -0.000000 -0.000000 
					</float_array>
					<technique_common>
						<accessor count="64" offset="0" source="#meshId6-normals-array" stride="3">
							<param name="X" type="float" />
							<param name="Y" type="float" />
							<param name="Z" type="float" />
						</accessor>
					</technique_common>
				</source>
				<source id="meshId6-tangents" name="meshId6-tangents">
					<float_array id="meshId6-tangents-array" count="192"> 
						1.000000 0.000000 0.000000 1.000000 0.000000 0.000000 1.000000 0.000000 0.000000 1.000000 -0.000000 0.000000 1.000000 0.000000 -0.000000 0.997484 -0.000000 -0.070886 0.997484 -0.000000 -0.070886 1.000000 0.000006 0.000000 1.000000 0.000005 0.000000 1.000000 -0.000002 0.000000 1.000000 -0.000003 -0.000000 1.000000 0.000003 -0.000000 1.000000 0.000000 0.000000 1.000000 0.000000 0.000000 1.000000 0.000000 0.000000 0.089723 -0.000001 0.995967 -0.087777 -0.000001 0.996140 -0.095353 -0.000371 0.995443 0.097700 0.000396 0.995216 0.097954 -0.000420 -0.995191 -0.095403 0.000370 -0.995439 -0.087818 -0.000000 -0.996136 0.089637 -0.000000 -0.995975 -1.000000 0.000000 0.000000 -1.000000 0.000000 0.000000 -1.000000 0.000000 0.000000 -1.000000 0.000000 0.000000 1.000000 0.000000 0.000000 1.000000 0.000000 0.000000 1.000000 0.000000 0.000000 1.000000 0.000000 0.000000 -1.000000 0.000000 0.000000 -1.000000 0.000000 0.000000 -1.000000 0.000000 0.000000 -1.000000 0.000000 0.000000 1.000000 0.000000 0.000000 1.000000 0.000000 0.000000 1.000000 0.000000 0.000000 1.000000 0.000000 0.000000 -0.000000 -0.000000 -1.000000 -0.000000 -0.000001 -1.000000 -0.000000 -0.000001 -1.000000 -0.000000 -0.000000 -1.000000 -0.000000 -0.000000 -1.000000 -0.000000 -0.000000 -1.000000 -0.000000 -0.000000 -1.000000 -0.000000 -0.000000 -1.000000 0.942368 -0.000000 -0.334579 0.942368 -0.000000 -0.334579 0.707106 -0.000000 -0.707108 0.707106 -0.000000 -0.707108 0.070889 0.000000 -0.997484 0.070889 -0.000000 -0.997484 0.334580 -0.000000 -0.942367 0.334580 -0.000000 -0.942367 0.707106 -0.000000 -0.707108 0.707106 -0.000000 -0.707108 0.000000 -0.000000 -1.000000 0.000000 -0.000014 -1.000000 0.000000 -0.000009 -1.000000 0.000000 0.000015 -1.000000 0.000000 0.000002 -1.000000 0.000000 0.000000 -1.000000 -0.000000 -0.000000 -1.000000 
					</float_array>
					<technique_common>
						<accessor count="64" offset="0" source="#meshId6-tangents-array" stride="3">
							<param name="X" type="float" />
							<param name="Y" type="float" />
							<param name="Z" type="float" />
						</accessor>
					</technique_common>
				</source>
				<source id="meshId6-bitangents" name="meshId6-bitangents">
					<float_array id="meshId6-bitangents-array" count="192"> 
						-0.000000 0.000000 1.000000 0.000000 0.000000 1.000000 -0.000000 0.000000 1.000000 -0.000000 0.000000 1.000000 -0.000000 1.000000 0.000000 0.000000 1.000000 0.000000 0.000000 1.000000 -0.000000 -0.000006 1.000000 0.000000 -0.000005 1.000000 0.000000 0.000002 1.000000 0.000000 0.000003 1.000000 0.000000 -0.000003 1.000000 0.000000 0.000000 1.000000 0.000000 0.000000 0.000000 1.000000 0.000000 0.000000 1.000000 0.000000 1.000000 0.000001 -0.000000 1.000000 0.000001 -0.003878 0.999992 0.000001 -0.004059 0.999992 0.000001 0.004284 0.999991 -0.000000 0.003882 0.999992 -0.000000 0.000000 1.000000 -0.000000 -0.000000 1.000000 -0.000000 0.000000 -0.000000 1.000000 0.000000 -0.000000 1.000000 0.000000 -0.000000 1.000000 0.000000 -0.000000 1.000000 0.000000 -0.000000 1.000000 0.000000 -0.000000 1.000000 0.000000 -0.000000 1.000000 0.000000 -0.000000 1.000000 0.000000 0.000000 1.000000 0.000000 0.000000 1.000000 0.000000 0.000000 1.000000 0.000000 0.000000 1.000000 0.000000 0.000000 1.000000 0.000000 0.000000 1.000000 0.000000 0.000000 1.000000 0.000000 0.000000 1.000000 0.000000 1.000000 -0.000000 -0.000000 1.000000 -0.000001 -0.000000 1.000000 -0.000001 0.000000 1.000000 -0.000000 -0.000000 -1.000000 0.000000 0.000000 -1.000000 0.000000 0.000000 -1.000000 0.000000 -0.000000 -1.000000 0.000000 0.000000 1.000000 -0.000000 0.000000 1.000000 -0.000000 0.000000 1.000000 -0.000000 0.000000 1.000000 -0.000000 -0.000000 1.000000 0.000000 0.000000 1.000000 -0.000000 0.000000 1.000000 -0.000000 0.000000 1.000000 -0.000000 0.000000 1.000000 -0.000000 0.000000 1.000000 -0.000000 0.000000 1.000000 -0.000000 0.000000 1.000000 -0.000014 0.000000 1.000000 -0.000009 0.000000 1.000000 0.000015 0.000000 1.000000 0.000002 0.000000 1.000000 0.000000 0.000000 1.000000 -0.000000 
					</float_array>
					<technique_common>
						<accessor count="64" offset="0" source="#meshId6-bitangents-array" stride="3">
							<param name="X" type="float" />
							<param name="Y" type="float" />
							<param name="Z" type="float" />
						</accessor>
					</technique_common>
				</source>
				<source id="meshId6-tex0" name="meshId6-tex0">
					<float_array id="meshId6-tex0-array" count="128"> 
						0.664368 0.785254 0.564609 0.785254 0.564609 0.629612 0.664368 0.629612 0.771680 0.493461 0.792718 0.493461 0.792718 0.587974 0.686433 0.587974 0.680071 0.587065 0.675526 0.584339 0.672799 0.579795 0.671888 0.573434 0.671866 0.493461 0.371394 0.785254 0.371394 0.629612 0.808626 0.748584 0.734609 0.748584 0.734609 0.731474 0.808626 0.731474 0.846519 0.135225 0.920503 0.135225 0.920503 0.152334 0.846519 0.152334 0.732899 0.073847 0.732899 0.000500 0.741618 0.000500 0.741618 0.073847 0.816736 0.516935 0.816736 0.590282 0.808017 0.590282 0.808017 0.516935 0.741618 0.169515 0.741618 0.242830 0.732899 0.242830 0.732899 0.169515 0.718814 0.355507 0.718814 0.282192 0.727534 0.282192 0.727534 0.355507 0.853194 0.961123 0.779848 0.961122 0.779848 0.944168 0.853194 0.944168 0.956450 0.749853 0.883135 0.749853 0.883135 0.732899 0.956450 0.732899 0.794455 0.493461 0.794455 0.587974 0.795697 0.493461 0.795697 0.587974 0.308646 0.869050 0.308646 0.963577 0.306908 0.963577 0.306908 0.869050 0.305666 0.963577 0.305666 0.869050 0.325687 0.869050 0.329108 0.963577 0.335470 0.962668 0.340014 0.959942 0.342740 0.955397 0.343648 0.949035 0.343634 0.869050 
					</float_array>
					<technique_common>
						<accessor count="64" offset="0" source="#meshId6-tex0-array" stride="2">
							<param name="S" type="float" />
							<param name="T" type="float" />
						</accessor>
					</technique_common>
				</source>
				<vertices id="meshId6-vertices">
					<input semantic="POSITION" source="#meshId6-positions" />
				</vertices>
				<polylist count="42" material="defaultMaterial">
					<input offset="0" semantic="VERTEX" source="#meshId6-vertices" />
					<input offset="0" semantic="NORMAL" source="#meshId6-normals" />
					<input offset="0" semantic="TANGENT" source="#meshId6-tangents" />
					<input offset="0" semantic="BINORMAL" source="#meshId6-bitangents" />
					<input offset="0" semantic="TEXCOORD" source="#meshId6-tex0" set="0" />
					<vcount>
						3 3 3 3 3 3 3 3 3 3 3 3 3 3 3 3 3 3 3 3 3 3 3 3 3 3 3 3 3 3 3 3 3 3 3 3 3 3 3 3 3 3 
					</vcount>
					<p>
						0 1 2 2 3 0 4 5 6 4 6 7 4 7 8 4 8 9 4 9 10 4 10 11 12 4 11 13 14 2 2 1 13 15 16 17 17 18 15 19 20 21 21 22 19 23 24 25 25 26 23 27 28 29 29 30 27 31 32 33 33 34 31 35 36 37 37 38 35 39 40 41 41 42 39 43 44 45 45 46 43 6 5 47 47 48 6 48 47 49 49 50 48 51 52 53 53 54 51 54 53 55 55 56 54 52 51 57 58 52 57 59 58 57 60 59 57 61 60 57 62 61 57 62 57 63 
					</p>
				</polylist>
			</mesh>
		</geometry>
		<geometry id="meshId7" name="meshId7_name" >
			<mesh>
				<source id="meshId7-positions" name="meshId7-positions">
					<float_array id="meshId7-positions-array" count="144"> 
						16.086063 -19.911747 10.000008 -50.000000 -19.911747 10.000008 -50.000000 -19.911747 22.631166 -49.999992 -19.911749 47.866692 -49.999996 -19.911747 60.000008 16.086063 -19.911747 60.000008 50.000000 -19.911747 60.000008 50.000004 -19.911747 47.844917 50.000000 -19.911747 22.620279 50.000000 -19.911747 10.000008 50.079346 24.970592 9.999998 16.165413 24.970592 10.000000 16.086063 -19.911747 10.000008 50.000000 -19.911747 10.000008 -50.000000 24.970592 10.000000 -50.000000 -19.911747 10.000008 -50.000000 24.970592 10.000000 -50.000000 24.970591 22.631161 -50.000000 -19.911747 22.631166 -50.000000 -19.911747 10.000008 -49.999992 24.970594 47.866684 -49.999992 -19.911749 47.866692 -49.999996 24.970592 60.000000 -49.999996 -19.911747 60.000008 5.467212 24.970592 60.000008 16.165409 24.970592 59.999992 16.086063 -19.911747 60.000008 -43.481064 24.970592 60.000008 -49.999996 24.970592 60.000000 -49.999996 -19.911747 60.000008 50.079346 24.970592 59.999992 50.000000 -19.911747 60.000008 50.079346 24.970592 59.999992 50.000004 24.970594 47.844910 50.000004 -19.911747 47.844917 50.000004 -19.911747 47.844917 50.000000 -19.911747 60.000008 50.079346 24.970592 59.999992 50.000004 24.970594 47.844910 50.079346 24.970591 22.620274 50.000000 -19.911747 22.620279 50.000000 -19.911747 22.620279 50.000004 -19.911747 47.844917 50.000004 24.970594 47.844910 50.079346 24.970591 22.620274 50.079346 24.970592 9.999998 50.000000 -19.911747 10.000008 50.000000 -19.911747 22.620279 
					</float_array>
					<technique_common>
						<accessor count="48" offset="0" source="#meshId7-positions-array" stride="3">
							<param name="X" type="float" />
							<param name="Y" type="float" />
							<param name="Z" type="float" />
						</accessor>
					</technique_common>
				</source>
				<source id="meshId7-normals" name="meshId7-normals">
					<float_array id="meshId7-normals-array" count="144"> 
						0.000000 1.000000 0.000000 0.000000 1.000000 0.000000 0.000000 1.000000 0.000000 0.000000 1.000000 0.000000 0.000000 1.000000 -0.000000 0.000000 1.000000 -0.000000 0.000000 1.000000 0.000000 0.000000 1.000000 0.000000 0.000000 1.000000 0.000000 0.000000 1.000000 0.000000 0.000000 0.000000 1.000000 0.000000 0.000000 1.000000 0.000000 0.000000 1.000000 0.000000 0.000000 1.000000 0.000000 0.000000 1.000000 0.000000 0.000000 1.000000 1.000000 0.000000 0.000000 1.000000 0.000000 0.000000 1.000000 0.000000 0.000000 1.000000 0.000000 0.000000 1.000000 -0.000000 -0.000000 1.000000 -0.000000 -0.000000 1.000000 0.000000 0.000000 1.000000 0.000000 0.000000 -0.000001 -0.000000 -1.000000 -0.000001 -0.000000 -1.000000 -0.000001 -0.000000 -1.000000 0.000000 0.000000 -1.000000 0.000001 0.000002 -1.000000 0.000000 -0.000000 -1.000000 0.000000 -0.000000 -1.000000 0.000000 -0.000000 -1.000000 -0.999979 0.000000 0.006527 -0.999979 0.000000 0.006527 -0.999979 0.000000 0.006527 -0.999998 0.001768 -0.000000 -0.999998 0.001768 -0.000000 -0.999998 0.001768 -0.000000 -0.999993 0.001768 -0.003145 -0.999993 0.001768 -0.003145 -0.999993 0.001768 -0.003145 -1.000000 0.000000 0.000000 -1.000000 0.000000 0.000000 -1.000000 0.000000 0.000000 -0.999998 0.001768 0.000000 -0.999998 0.001768 0.000000 -0.999998 0.001768 0.000000 -0.999998 0.001768 0.000000 
					</float_array>
					<technique_common>
						<accessor count="48" offset="0" source="#meshId7-normals-array" stride="3">
							<param name="X" type="float" />
							<param name="Y" type="float" />
							<param name="Z" type="float" />
						</accessor>
					</technique_common>
				</source>
				<source id="meshId7-tangents" name="meshId7-tangents">
					<float_array id="meshId7-tangents-array" count="144"> 
						-1.000000 0.000000 0.000000 -1.000000 0.000000 0.000000 -1.000000 0.000000 0.000000 -1.000000 0.000000 -0.000000 -1.000000 0.000000 0.000000 -1.000000 0.000000 0.000000 -1.000000 0.000000 0.000000 -1.000000 0.000000 0.000000 -1.000000 0.000000 0.000000 -1.000000 0.000000 0.000000 1.000000 -0.000000 -0.000000 1.000000 -0.000000 -0.000000 1.000000 -0.000000 -0.000000 1.000000 0.000000 0.000000 1.000000 0.000000 0.000000 1.000000 0.000000 0.000000 0.000000 0.000000 -1.000000 0.000000 0.000000 -1.000000 0.000000 0.000000 -1.000000 0.000000 -0.000000 -1.000000 -0.000000 -0.000000 -1.000000 -0.000000 -0.000000 -1.000000 0.000000 0.000000 -1.000000 0.000000 0.000000 -1.000000 1.000000 -0.000000 -0.000001 1.000000 -0.000000 -0.000001 1.000000 -0.000000 -0.000001 1.000000 0.000000 0.000000 1.000000 0.000000 0.000001 1.000000 0.000000 0.000000 1.000000 0.000000 0.000000 1.000000 0.000000 0.000000 -0.006527 0.000000 -0.999979 -0.006527 0.000000 -0.999979 -0.006527 0.000000 -0.999979 0.000000 -0.000000 -1.000000 0.000000 -0.000000 -1.000000 0.000000 -0.000000 -1.000000 0.003145 -0.000000 -0.999995 0.003145 -0.000000 -0.999995 0.003145 -0.000000 -0.999995 -0.000000 -0.000000 -1.000000 -0.000000 -0.000000 -1.000000 -0.000000 -0.000000 -1.000000 0.000000 0.000000 -1.000000 0.000000 0.000000 -1.000000 0.000000 0.000000 -1.000000 -0.000000 -0.000000 -1.000000 
					</float_array>
					<technique_common>
						<accessor count="48" offset="0" source="#meshId7-tangents-array" stride="3">
							<param name="X" type="float" />
							<param name="Y" type="float" />
							<param name="Z" type="float" />
						</accessor>
					</technique_common>
				</source>
				<source id="meshId7-bitangents" name="meshId7-bitangents">
					<float_array id="meshId7-bitangents-array" count="144"> 
						0.000000 0.000000 1.000000 0.000000 0.000000 1.000000 0.000000 0.000000 1.000000 -0.000000 -0.000000 1.000000 0.000000 0.000000 1.000000 0.000000 0.000000 1.000000 0.000000 0.000000 1.000000 0.000000 0.000000 1.000000 0.000000 0.000000 1.000000 0.000000 0.000000 1.000000 0.000000 1.000000 -0.000000 0.000000 1.000000 -0.000000 0.000000 1.000000 -0.000000 0.000000 1.000000 -0.000000 0.000000 1.000000 -0.000000 0.000000 1.000000 -0.000000 0.000000 1.000000 0.000000 0.000000 1.000000 0.000000 0.000000 1.000000 0.000000 0.000000 1.000000 -0.000000 0.000000 1.000000 -0.000000 0.000000 1.000000 -0.000000 -0.000000 1.000000 0.000000 -0.000000 1.000000 0.000000 0.000000 -1.000000 0.000000 0.000000 -1.000000 0.000000 0.000000 -1.000000 0.000000 0.000000 -1.000000 0.000000 0.000000 -1.000000 -0.000002 0.000000 -1.000000 0.000000 0.000000 -1.000000 0.000000 0.000000 -1.000000 0.000000 -0.000000 -1.000000 -0.000000 -0.000000 -1.000000 -0.000000 -0.000000 -1.000000 -0.000000 -0.001768 -0.999998 0.000000 -0.001768 -0.999998 0.000000 -0.001768 -0.999998 0.000000 -0.001768 -0.999998 -0.000005 -0.001768 -0.999998 -0.000005 -0.001768 -0.999998 -0.000005 -0.000000 -1.000000 0.000000 -0.000000 -1.000000 0.000000 -0.000000 -1.000000 0.000000 -0.001768 -0.999998 -0.000000 -0.001768 -0.999998 -0.000000 -0.001768 -0.999998 -0.000000 -0.001768 -0.999998 0.000000 
					</float_array>
					<technique_common>
						<accessor count="48" offset="0" source="#meshId7-bitangents-array" stride="3">
							<param name="X" type="float" />
							<param name="Y" type="float" />
							<param name="Z" type="float" />
						</accessor>
					</technique_common>
				</source>
				<source id="meshId7-tex0" name="meshId7-tex0">
					<float_array id="meshId7-tex0-array" count="96"> 
						0.765741 0.775153 0.957820 0.775153 0.957820 0.811865 0.957820 0.885212 0.957820 0.920477 0.765741 0.920477 0.667171 0.920477 0.667171 0.885149 0.667171 0.811833 0.667171 0.775153 0.291380 0.999500 0.192809 0.999500 0.192578 0.869050 0.291149 0.869050 0.000500 0.999500 0.000500 0.869050 0.986205 0.530014 0.949493 0.530014 0.949493 0.399563 0.986205 0.399563 0.876146 0.530014 0.876146 0.399563 0.840881 0.530014 0.840881 0.399563 0.532609 0.789237 0.563703 0.789237 0.563473 0.919687 0.390342 0.789237 0.371394 0.789237 0.371394 0.919687 0.662274 0.789237 0.662043 0.919687 0.840881 0.268107 0.876210 0.268107 0.876210 0.398558 0.876210 0.398558 0.840881 0.398558 0.840881 0.268107 0.876210 0.268107 0.949525 0.268107 0.949525 0.398558 0.949525 0.398558 0.876210 0.398558 0.876210 0.268107 0.949525 0.268107 0.986206 0.268107 0.986206 0.398558 0.949525 0.398558 
					</float_array>
					<technique_common>
						<accessor count="48" offset="0" source="#meshId7-tex0-array" stride="2">
							<param name="S" type="float" />
							<param name="T" type="float" />
						</accessor>
					</technique_common>
				</source>
				<vertices id="meshId7-vertices">
					<input semantic="POSITION" source="#meshId7-positions" />
				</vertices>
				<polylist count="30" material="defaultMaterial">
					<input offset="0" semantic="VERTEX" source="#meshId7-vertices" />
					<input offset="0" semantic="NORMAL" source="#meshId7-normals" />
					<input offset="0" semantic="TANGENT" source="#meshId7-tangents" />
					<input offset="0" semantic="BINORMAL" source="#meshId7-bitangents" />
					<input offset="0" semantic="TEXCOORD" source="#meshId7-tex0" set="0" />
					<vcount>
						3 3 3 3 3 3 3 3 3 3 3 3 3 3 3 3 3 3 3 3 3 3 3 3 3 3 3 3 3 3 
					</vcount>
					<p>
						0 1 2 0 2 3 3 4 5 5 6 7 3 5 7 0 3 7 0 7 8 0 8 9 10 11 12 12 13 10 11 14 15 15 12 11 16 17 18 18 19 16 17 20 21 21 18 17 20 22 23 23 21 20 24 25 26 27 24 26 28 27 26 28 26 29 25 30 31 31 26 25 32 33 34 35 36 37 38 39 40 41 42 43 44 45 46 46 47 44 
					</p>
				</polylist>
			</mesh>
		</geometry>
	</library_geometries>
	<library_visual_scenes>
		<visual_scene id="RootNode" name="RootNode">
			<node id="Crate" name="Crate">
				<matrix>1.000000 0.000000 0.000000 1.788733 0.000000 0.000000 1.000000 30.603489 0.000000 -1.000000 0.000000 32.576809 0.000000 0.000000 0.000000 1.000000</matrix>
				<node id="lid" name="lid">
					<matrix>0.917116 0.000000 0.000000 -3.887306 0.000000 -0.000000 -1.000000 31.337639 0.000000 0.917116 -0.000000 31.127035 0.000000 0.000000 0.000000 1.000000</matrix>
					<instance_geometry url="#meshId0">
						<bind_material>
							<technique_common>
								<instance_material symbol="defaultMaterial" target="#lid" />
							</technique_common>
						</bind_material>
					</instance_geometry>
					<instance_geometry url="#meshId1">
						<bind_material>
							<technique_common>
								<instance_material symbol="defaultMaterial" target="#body" />
							</technique_common>
						</bind_material>
					</instance_geometry>
					<instance_geometry url="#meshId2">
						<bind_material>
							<technique_common>
								<instance_material symbol="defaultMaterial" target="#07___Default" />
							</technique_common>
						</bind_material>
					</instance_geometry>
					<instance_geometry url="#meshId3">
						<bind_material>
							<technique_common>
								<instance_material symbol="defaultMaterial" target="#08___Default" />
							</technique_common>
						</bind_material>
					</instance_geometry>
					<instance_geometry url="#meshId4">
						<bind_material>
							<technique_common>
								<instance_material symbol="defaultMaterial" target="#key" />
							</technique_common>
						</bind_material>
					</instance_geometry>
				</node>
				<node id="crate" name="crate">
					<matrix>1.000000 0.000000 0.000000 -0.000003 0.000000 -0.000000 -1.000000 32.576809 0.000000 1.000000 -0.000000 -2.782291 0.000000 0.000000 0.000000 1.000000</matrix>
					<instance_geometry url="#meshId5">
						<bind_material>
							<technique_common>
								<instance_material symbol="defaultMaterial" target="#lid" />
							</technique_common>
						</bind_material>
					</instance_geometry>
					<instance_geometry url="#meshId6">
						<bind_material>
							<technique_common>
								<instance_material symbol="defaultMaterial" target="#body" />
							</technique_common>
						</bind_material>
					</instance_geometry>
					<instance_geometry url="#meshId7">
						<bind_material>
							<technique_common>
								<instance_material symbol="defaultMaterial" target="#key" />
							</technique_common>
						</bind_material>
					</instance_geometry>
				</node>
			</node>
		</visual_scene>
	</library_visual_scenes>
	<scene>
		<instance_visual_scene url="#RootNode" />
	</scene>
</COLLADA>
